0 verbose cli C:\Program Files\nodejs\node.exe C:\Program Files\nodejs\node_modules\npm\bin\npm-cli.js
1 info using npm@11.12.1
2 info using node@v24.15.0
3 silly config load:file:C:\Program Files\nodejs\node_modules\npm\npmrc
4 silly config load:file:C:\Users\alisha  tandon\AppData\Local\Temp\@prisma\cli-init@latest-1779733800000\.npmrc
5 silly config load:file:C:\Users\alisha  tandon\AppData\Local\Temp\@prisma\cli-init@latest-1779733800000
6 silly config load:file:C:\Users\alisha  tandon\AppData\Roaming\npm\etc\npmrc
7 verbose title npm install @prisma/cli-init@latest
8 verbose argv "install" "@prisma/cli-init@latest" "--no-save" "--prefix" "C:\\Users\\alisha  tandon\\AppData\\Local\\Temp/@prisma/cli-init@latest-1779733800000" "--userconfig" "C:\\Users\\alisha  tandon\\AppData\\Local\\Temp/@prisma/cli-init@latest-1779733800000" "--loglevel" "error"
9 verbose logfile logs-max:10 dir:E:\eduvault\.npm-cache\_logs\2026-05-26T14_49_33_249Z-
10 verbose logfile E:\eduvault\.npm-cache\_logs\2026-05-26T14_49_33_249Z-debug-0.log
11 silly logfile start cleaning logs, removing 1 files
12 silly packumentCache heap:4496293888 maxSize:1124073472 maxEntrySize:562036736
13 silly logfile done cleaning log files
14 silly packumentCache corgi:https://registry.npmjs.org/@prisma%2fcli-init cache-miss
15 http fetch GET 200 https://registry.npmjs.org/@prisma%2fcli-init 1090ms (cache miss)
16 silly packumentCache corgi:https://registry.npmjs.org/@prisma%2fcli-init set size:undefined disposed:false
17 silly idealTree buildDeps
18 silly fetch manifest @prisma/cli-init@0.8.0
19 silly packumentCache full:https://registry.npmjs.org/@prisma%2fcli-init cache-miss
20 http fetch GET 200 https://registry.npmjs.org/@prisma%2fcli-init 681ms (cache miss)
21 silly packumentCache full:https://registry.npmjs.org/@prisma%2fcli-init set size:undefined disposed:false
22 silly placeDep ROOT @prisma/cli-init@0.8.0 OK for:  want: 0.8.0
23 silly fetch manifest arg@5.0.2
24 silly packumentCache full:https://registry.npmjs.org/arg cache-miss
25 silly fetch manifest ora@8.2.0
26 silly packumentCache full:https://registry.npmjs.org/ora cache-miss
27 silly fetch manifest zod@4.1.12
28 silly packumentCache full:https://registry.npmjs.org/zod cache-miss
29 silly fetch manifest open@7.4.2
30 silly packumentCache full:https://registry.npmjs.org/open cache-miss
31 silly fetch manifest kleur@4.1.5
32 silly packumentCache full:https://registry.npmjs.org/kleur cache-miss
33 silly fetch manifest dotenv@16.5.0
34 silly packumentCache full:https://registry.npmjs.org/dotenv cache-miss
35 silly fetch manifest effect@3.12.10
36 silly packumentCache full:https://registry.npmjs.org/effect cache-miss
37 http fetch GET 200 https://registry.npmjs.org/arg 55ms (cache miss)
38 silly packumentCache full:https://registry.npmjs.org/arg set size:undefined disposed:false
39 silly fetch manifest fs-extra@11.3.0
40 silly packumentCache full:https://registry.npmjs.org/fs-extra cache-miss
41 http fetch GET 200 https://registry.npmjs.org/fs-extra 102ms (cache revalidated)
42 silly packumentCache full:https://registry.npmjs.org/fs-extra set size:234923 disposed:false
43 silly fetch manifest node-fetch@3.3.2
44 silly packumentCache full:https://registry.npmjs.org/node-fetch cache-miss
45 http fetch GET 200 https://registry.npmjs.org/open 188ms (cache revalidated)
46 silly packumentCache full:https://registry.npmjs.org/open set size:136392 disposed:false
47 silly fetch manifest ts-pattern@5.6.2
48 silly packumentCache full:https://registry.npmjs.org/ts-pattern cache-miss
49 http fetch GET 200 https://registry.npmjs.org/ora 207ms (cache revalidated)
50 silly packumentCache full:https://registry.npmjs.org/ora set size:144913 disposed:false
51 silly fetch manifest async-listen@3.1.0
52 silly packumentCache full:https://registry.npmjs.org/async-listen cache-miss
53 http fetch GET 200 https://registry.npmjs.org/kleur 216ms (cache revalidated)
54 silly packumentCache full:https://registry.npmjs.org/kleur set size:61853 disposed:false
55 silly fetch manifest get-tsconfig@4.10.0
56 silly packumentCache full:https://registry.npmjs.org/get-tsconfig cache-miss
57 http fetch GET 200 https://registry.npmjs.org/node-fetch 59ms (cache revalidated)
58 silly packumentCache full:https://registry.npmjs.org/node-fetch set size:896010 disposed:false
59 silly fetch manifest @prisma/debug@6.7.0
60 silly packumentCache full:https://registry.npmjs.org/@prisma%2fdebug cache-miss
61 http fetch GET 200 https://registry.npmjs.org/zod 238ms (cache revalidated)
62 silly packumentCache full:https://registry.npmjs.org/zod set size:3552562 disposed:false
63 silly fetch manifest openapi-fetch@0.15.0
64 silly packumentCache full:https://registry.npmjs.org/openapi-fetch cache-miss
65 http fetch GET 200 https://registry.npmjs.org/dotenv 282ms (cache revalidated)
66 silly packumentCache full:https://registry.npmjs.org/dotenv set size:277832 disposed:false
67 silly fetch manifest xdg-app-paths@8.3.0
68 silly packumentCache full:https://registry.npmjs.org/xdg-app-paths cache-miss
69 http fetch GET 200 https://registry.npmjs.org/effect 310ms (cache revalidated)
70 silly packumentCache full:https://registry.npmjs.org/effect set size:10005790 disposed:false
71 silly fetch manifest @prisma/config@6.7.0
72 silly packumentCache full:https://registry.npmjs.org/@prisma%2fconfig cache-miss
73 http fetch GET 200 https://registry.npmjs.org/async-listen 193ms (cache miss)
74 silly packumentCache full:https://registry.npmjs.org/async-listen set size:undefined disposed:false
75 silly fetch manifest @inquirer/prompts@7.3.3
76 silly packumentCache full:https://registry.npmjs.org/@inquirer%2fprompts cache-miss
77 http fetch GET 200 https://registry.npmjs.org/get-tsconfig 217ms (cache revalidated)
78 silly packumentCache full:https://registry.npmjs.org/get-tsconfig set size:128095 disposed:false
79 silly fetch manifest @prisma/generator@6.7.0
80 silly packumentCache full:https://registry.npmjs.org/@prisma%2fgenerator cache-miss
81 http fetch GET 200 https://registry.npmjs.org/xdg-app-paths 165ms (cache miss)
82 silly packumentCache full:https://registry.npmjs.org/xdg-app-paths set size:undefined disposed:false
83 silly fetch manifest @prisma/internals@6.7.0
84 silly packumentCache full:https://registry.npmjs.org/@prisma%2finternals cache-miss
85 http fetch GET 200 https://registry.npmjs.org/@inquirer%2fprompts 75ms (cache miss)
86 silly packumentCache full:https://registry.npmjs.org/@inquirer%2fprompts set size:undefined disposed:false
87 silly fetch manifest checkpoint-client@1.1.33
88 silly packumentCache full:https://registry.npmjs.org/checkpoint-client cache-miss
89 http fetch GET 200 https://registry.npmjs.org/ts-pattern 343ms (cache miss)
90 silly packumentCache full:https://registry.npmjs.org/ts-pattern set size:undefined disposed:false
91 silly fetch manifest openapi-typescript@7.10.1
92 silly packumentCache full:https://registry.npmjs.org/openapi-typescript cache-miss
93 http fetch GET 200 https://registry.npmjs.org/openapi-fetch 313ms (cache miss)
94 silly packumentCache full:https://registry.npmjs.org/openapi-fetch set size:undefined disposed:false
95 http fetch GET 200 https://registry.npmjs.org/checkpoint-client 471ms (cache miss)
96 silly packumentCache full:https://registry.npmjs.org/checkpoint-client set size:undefined disposed:false
97 http fetch GET 200 https://registry.npmjs.org/openapi-typescript 443ms (cache miss)
98 silly packumentCache full:https://registry.npmjs.org/openapi-typescript set size:undefined disposed:false
99 http fetch GET 200 https://registry.npmjs.org/@prisma%2fdebug 817ms (cache revalidated)
100 silly packumentCache full:https://registry.npmjs.org/@prisma%2fdebug set size:28705315 disposed:false
101 http fetch GET 200 https://registry.npmjs.org/@prisma%2fconfig 1071ms (cache revalidated)
102 silly packumentCache full:https://registry.npmjs.org/@prisma%2fconfig set size:3774015 disposed:false
103 http fetch GET 200 https://registry.npmjs.org/@prisma%2fgenerator 1106ms (cache miss)
104 silly packumentCache full:https://registry.npmjs.org/@prisma%2fgenerator set size:undefined disposed:false
105 http fetch GET 200 https://registry.npmjs.org/@prisma%2finternals 1717ms (cache miss)
106 silly packumentCache full:https://registry.npmjs.org/@prisma%2finternals set size:undefined disposed:false
107 silly fetch manifest @types/node@>=18
108 silly packumentCache full:https://registry.npmjs.org/@types%2fnode cache-miss
109 http fetch GET 200 https://registry.npmjs.org/@types%2fnode 72ms (cache revalidated)
110 silly packumentCache full:https://registry.npmjs.org/@types%2fnode set size:11015753 disposed:false
111 silly fetch manifest typescript@>=5.1.0
112 silly packumentCache full:https://registry.npmjs.org/typescript cache-miss
113 http fetch GET 200 https://registry.npmjs.org/typescript 98ms (cache revalidated)
114 silly packumentCache full:https://registry.npmjs.org/typescript set size:15409943 disposed:false
115 silly fetch manifest typescript@^5.x
116 silly packumentCache full:https://registry.npmjs.org/typescript cache-miss
117 http cache https://registry.npmjs.org/typescript 50ms (cache hit)
118 silly packumentCache full:https://registry.npmjs.org/typescript set size:15409943 disposed:false
119 silly placeDep ROOT @inquirer/prompts@7.3.3 OK for: @prisma/cli-init@0.8.0 want: 7.3.3
120 silly placeDep ROOT @prisma/config@6.7.0 OK for: @prisma/cli-init@0.8.0 want: 6.7.0
121 silly placeDep ROOT @prisma/debug@6.7.0 OK for: @prisma/cli-init@0.8.0 want: 6.7.0
122 silly placeDep ROOT @prisma/generator@6.7.0 OK for: @prisma/cli-init@0.8.0 want: 6.7.0
123 silly placeDep ROOT @prisma/internals@6.7.0 OK for: @prisma/cli-init@0.8.0 want: 6.7.0
124 silly placeDep ROOT arg@5.0.2 OK for: @prisma/cli-init@0.8.0 want: 5.0.2
125 silly placeDep ROOT async-listen@3.1.0 OK for: @prisma/cli-init@0.8.0 want: 3.1.0
126 silly placeDep ROOT checkpoint-client@1.1.33 OK for: @prisma/cli-init@0.8.0 want: 1.1.33
127 silly placeDep ROOT dotenv@16.5.0 OK for: @prisma/cli-init@0.8.0 want: 16.5.0
128 silly placeDep ROOT effect@3.12.10 OK for: @prisma/cli-init@0.8.0 want: 3.12.10
129 silly placeDep ROOT fs-extra@11.3.0 OK for: @prisma/cli-init@0.8.0 want: 11.3.0
130 silly placeDep ROOT get-tsconfig@4.10.0 OK for: @prisma/cli-init@0.8.0 want: 4.10.0
131 silly placeDep ROOT kleur@4.1.5 OK for: @prisma/cli-init@0.8.0 want: 4.1.5
132 silly placeDep ROOT node-fetch@3.3.2 OK for: @prisma/cli-init@0.8.0 want: 3.3.2
133 silly placeDep ROOT open@7.4.2 OK for: @prisma/cli-init@0.8.0 want: 7.4.2
134 silly placeDep ROOT openapi-fetch@0.15.0 OK for: @prisma/cli-init@0.8.0 want: 0.15.0
135 silly placeDep ROOT openapi-typescript@7.10.1 OK for: @prisma/cli-init@0.8.0 want: 7.10.1
136 silly placeDep ROOT typescript@5.9.3 OK for: openapi-typescript@7.10.1 want: ^5.x
137 silly placeDep ROOT ora@8.2.0 OK for: @prisma/cli-init@0.8.0 want: 8.2.0
138 silly placeDep ROOT ts-pattern@5.6.2 OK for: @prisma/cli-init@0.8.0 want: 5.6.2
139 silly placeDep ROOT xdg-app-paths@8.3.0 OK for: @prisma/cli-init@0.8.0 want: 8.3.0
140 silly placeDep ROOT zod@4.1.12 OK for: @prisma/cli-init@0.8.0 want: 4.1.12
141 silly fetch manifest @inquirer/input@^4.1.7
142 silly packumentCache full:https://registry.npmjs.org/@inquirer%2finput cache-miss
143 silly fetch manifest @inquirer/editor@^4.2.8
144 silly packumentCache full:https://registry.npmjs.org/@inquirer%2feditor cache-miss
145 silly fetch manifest @inquirer/expand@^4.0.10
146 silly packumentCache full:https://registry.npmjs.org/@inquirer%2fexpand cache-miss
147 silly fetch manifest @inquirer/number@^3.0.10
148 silly packumentCache full:https://registry.npmjs.org/@inquirer%2fnumber cache-miss
149 silly fetch manifest @inquirer/search@^3.0.10
150 silly packumentCache full:https://registry.npmjs.org/@inquirer%2fsearch cache-miss
151 silly fetch manifest @inquirer/select@^4.0.10
152 silly packumentCache full:https://registry.npmjs.org/@inquirer%2fselect cache-miss
153 silly fetch manifest @inquirer/confirm@^5.1.7
154 silly packumentCache full:https://registry.npmjs.org/@inquirer%2fconfirm cache-miss
155 http fetch GET 200 https://registry.npmjs.org/@inquirer%2finput 97ms (cache miss)
156 silly packumentCache full:https://registry.npmjs.org/@inquirer%2finput set size:undefined disposed:false
157 silly fetch manifest @inquirer/rawlist@^4.0.10
158 silly packumentCache full:https://registry.npmjs.org/@inquirer%2frawlist cache-miss
159 http fetch GET 200 https://registry.npmjs.org/@inquirer%2fnumber 102ms (cache miss)
160 silly packumentCache full:https://registry.npmjs.org/@inquirer%2fnumber set size:undefined disposed:false
161 silly fetch manifest @inquirer/checkbox@^4.1.3
162 silly packumentCache full:https://registry.npmjs.org/@inquirer%2fcheckbox cache-miss
163 http fetch GET 200 https://registry.npmjs.org/@inquirer%2fsearch 146ms (cache miss)
164 silly packumentCache full:https://registry.npmjs.org/@inquirer%2fsearch set size:undefined disposed:false
165 silly fetch manifest @inquirer/password@^4.0.10
166 silly packumentCache full:https://registry.npmjs.org/@inquirer%2fpassword cache-miss
167 http fetch GET 200 https://registry.npmjs.org/@inquirer%2fconfirm 152ms (cache revalidated)
168 silly packumentCache full:https://registry.npmjs.org/@inquirer%2fconfirm set size:318446 disposed:false
169 silly fetch manifest esbuild@>=0.12 <1
170 silly packumentCache full:https://registry.npmjs.org/esbuild cache-miss
171 http fetch GET 200 https://registry.npmjs.org/@inquirer%2fselect 161ms (cache miss)
172 silly packumentCache full:https://registry.npmjs.org/@inquirer%2fselect set size:undefined disposed:false
173 silly fetch manifest esbuild-register@3.6.0
174 silly packumentCache full:https://registry.npmjs.org/esbuild-register cache-miss
175 http fetch GET 200 https://registry.npmjs.org/@inquirer%2feditor 170ms (cache miss)
176 silly packumentCache full:https://registry.npmjs.org/@inquirer%2feditor set size:undefined disposed:false
177 silly fetch manifest prompts@2.4.2
178 silly packumentCache full:https://registry.npmjs.org/prompts cache-miss
179 http fetch GET 200 https://registry.npmjs.org/@inquirer%2fexpand 199ms (cache miss)
180 silly packumentCache full:https://registry.npmjs.org/@inquirer%2fexpand set size:undefined disposed:false
181 silly fetch manifest @prisma/dmmf@6.7.0
182 silly packumentCache full:https://registry.npmjs.org/@prisma%2fdmmf cache-miss
183 http fetch GET 200 https://registry.npmjs.org/@inquirer%2frawlist 115ms (cache miss)
184 silly packumentCache full:https://registry.npmjs.org/@inquirer%2frawlist set size:undefined disposed:false
185 silly fetch manifest @prisma/engines@6.7.0
186 silly packumentCache full:https://registry.npmjs.org/@prisma%2fengines cache-miss
187 http fetch GET 200 https://registry.npmjs.org/@inquirer%2fcheckbox 129ms (cache miss)
188 silly packumentCache full:https://registry.npmjs.org/@inquirer%2fcheckbox set size:undefined disposed:false
189 silly fetch manifest @prisma/fetch-engine@6.7.0
190 silly packumentCache full:https://registry.npmjs.org/@prisma%2ffetch-engine cache-miss
191 http fetch GET 200 https://registry.npmjs.org/prompts 74ms (cache revalidated)
192 silly packumentCache full:https://registry.npmjs.org/prompts set size:115896 disposed:false
193 silly fetch manifest @prisma/get-platform@6.7.0
194 silly packumentCache full:https://registry.npmjs.org/@prisma%2fget-platform cache-miss
195 http fetch GET 200 https://registry.npmjs.org/esbuild-register 89ms (cache miss)
196 silly packumentCache full:https://registry.npmjs.org/esbuild-register set size:undefined disposed:false
197 silly fetch manifest @prisma/generator-helper@6.7.0
198 silly packumentCache full:https://registry.npmjs.org/@prisma%2fgenerator-helper cache-miss
199 http fetch GET 200 https://registry.npmjs.org/@inquirer%2fpassword 115ms (cache miss)
200 silly packumentCache full:https://registry.npmjs.org/@inquirer%2fpassword set size:undefined disposed:false
201 silly fetch manifest @prisma/prisma-schema-wasm@6.7.0-36.3cff47a7f5d65c3ea74883f1d736e41d68ce91ed
202 silly packumentCache full:https://registry.npmjs.org/@prisma%2fprisma-schema-wasm cache-miss
203 http fetch GET 200 https://registry.npmjs.org/esbuild 182ms (cache miss)
204 silly packumentCache full:https://registry.npmjs.org/esbuild set size:undefined disposed:false
205 silly fetch manifest @prisma/schema-engine-wasm@6.7.0-36.3cff47a7f5d65c3ea74883f1d736e41d68ce91ed
206 silly packumentCache full:https://registry.npmjs.org/@prisma%2fschema-engine-wasm cache-miss
207 http fetch GET 200 https://registry.npmjs.org/@prisma%2fengines 592ms (cache revalidated)
208 silly packumentCache full:https://registry.npmjs.org/@prisma%2fengines set size:21756135 disposed:false
209 silly fetch manifest @prisma/schema-files-loader@6.7.0
210 silly packumentCache full:https://registry.npmjs.org/@prisma%2fschema-files-loader cache-miss
211 http fetch GET 200 https://registry.npmjs.org/@prisma%2ffetch-engine 875ms (cache revalidated)
212 silly packumentCache full:https://registry.npmjs.org/@prisma%2ffetch-engine set size:32282294 disposed:false
213 silly fetch manifest @prisma/driver-adapter-utils@6.7.0
214 silly packumentCache full:https://registry.npmjs.org/@prisma%2fdriver-adapter-utils cache-miss
215 http fetch GET 200 https://registry.npmjs.org/@prisma%2fget-platform 1186ms (cache revalidated)
216 silly packumentCache full:https://registry.npmjs.org/@prisma%2fget-platform set size:28389571 disposed:false
217 silly fetch manifest ms@2.1.3
218 silly packumentCache full:https://registry.npmjs.org/ms cache-miss
219 http fetch GET 200 https://registry.npmjs.org/@prisma%2fschema-engine-wasm 1316ms (cache miss)
220 silly packumentCache full:https://registry.npmjs.org/@prisma%2fschema-engine-wasm set size:undefined disposed:false
221 silly fetch manifest uuid@9.0.1
222 silly packumentCache full:https://registry.npmjs.org/uuid cache-miss
223 http fetch GET 200 https://registry.npmjs.org/ms 73ms (cache revalidated)
224 silly packumentCache full:https://registry.npmjs.org/ms set size:92208 disposed:false
225 silly fetch manifest ci-info@4.0.0
226 silly packumentCache full:https://registry.npmjs.org/ci-info cache-miss
227 http fetch GET 200 https://registry.npmjs.org/@prisma%2fprisma-schema-wasm 1440ms (cache miss)
228 silly packumentCache full:https://registry.npmjs.org/@prisma%2fprisma-schema-wasm set size:undefined disposed:false
229 silly fetch manifest make-dir@4.0.0
230 silly packumentCache full:https://registry.npmjs.org/make-dir cache-miss
231 http fetch GET 200 https://registry.npmjs.org/uuid 70ms (cache revalidated)
232 silly packumentCache full:https://registry.npmjs.org/uuid set size:234700 disposed:false
233 silly fetch manifest env-paths@2.2.1
234 silly packumentCache full:https://registry.npmjs.org/env-paths cache-miss
235 http fetch GET 200 https://registry.npmjs.org/@prisma%2fdmmf 1542ms (cache miss)
236 silly packumentCache full:https://registry.npmjs.org/@prisma%2fdmmf set size:undefined disposed:false
237 silly fetch manifest node-fetch@2.7.0
238 silly packumentCache full:https://registry.npmjs.org/node-fetch cache-hit
239 silly fetch manifest fast-check@^3.23.1
240 silly packumentCache full:https://registry.npmjs.org/fast-check cache-miss
241 http fetch GET 200 https://registry.npmjs.org/make-dir 130ms (cache miss)
242 silly packumentCache full:https://registry.npmjs.org/make-dir set size:undefined disposed:false
243 silly fetch manifest jsonfile@^6.0.1
244 silly packumentCache full:https://registry.npmjs.org/jsonfile cache-miss
245 http fetch GET 200 https://registry.npmjs.org/env-paths 147ms (cache revalidated)
246 silly packumentCache full:https://registry.npmjs.org/env-paths set size:26913 disposed:false
247 silly fetch manifest graceful-fs@^4.2.0
248 silly packumentCache full:https://registry.npmjs.org/graceful-fs cache-miss
249 http fetch GET 200 https://registry.npmjs.org/fast-check 138ms (cache revalidated)
250 silly packumentCache full:https://registry.npmjs.org/fast-check set size:941967 disposed:false
251 silly fetch manifest universalify@^2.0.0
252 silly packumentCache full:https://registry.npmjs.org/universalify cache-miss
253 http fetch GET 200 https://registry.npmjs.org/jsonfile 156ms (cache revalidated)
254 silly packumentCache full:https://registry.npmjs.org/jsonfile set size:53210 disposed:false
255 silly fetch manifest resolve-pkg-maps@^1.0.0
256 silly packumentCache full:https://registry.npmjs.org/resolve-pkg-maps cache-miss
257 http fetch GET 200 https://registry.npmjs.org/graceful-fs 132ms (cache revalidated)
258 silly packumentCache full:https://registry.npmjs.org/graceful-fs set size:124285 disposed:false
259 silly fetch manifest data-uri-to-buffer@^4.0.0
260 silly packumentCache full:https://registry.npmjs.org/data-uri-to-buffer cache-miss
261 http fetch GET 200 https://registry.npmjs.org/@prisma%2fschema-files-loader 1129ms (cache miss)
262 silly packumentCache full:https://registry.npmjs.org/@prisma%2fschema-files-loader set size:undefined disposed:false
263 silly fetch manifest fetch-blob@^3.1.4
264 silly packumentCache full:https://registry.npmjs.org/fetch-blob cache-miss
265 http fetch GET 200 https://registry.npmjs.org/universalify 190ms (cache revalidated)
266 silly packumentCache full:https://registry.npmjs.org/universalify set size:19431 disposed:false
267 silly fetch manifest formdata-polyfill@^4.0.10
268 silly packumentCache full:https://registry.npmjs.org/formdata-polyfill cache-miss
269 http fetch GET 200 https://registry.npmjs.org/ci-info 402ms (cache miss)
270 silly packumentCache full:https://registry.npmjs.org/ci-info set size:undefined disposed:false
271 silly fetch manifest is-wsl@^2.1.1
272 silly packumentCache full:https://registry.npmjs.org/is-wsl cache-miss
273 http fetch GET 200 https://registry.npmjs.org/data-uri-to-buffer 116ms (cache revalidated)
274 silly packumentCache full:https://registry.npmjs.org/data-uri-to-buffer set size:48018 disposed:false
275 silly fetch manifest is-docker@^2.0.0
276 silly packumentCache full:https://registry.npmjs.org/is-docker cache-miss
277 http fetch GET 200 https://registry.npmjs.org/resolve-pkg-maps 130ms (cache revalidated)
278 silly packumentCache full:https://registry.npmjs.org/resolve-pkg-maps set size:11615 disposed:false
279 silly fetch manifest openapi-typescript-helpers@^0.0.15
280 silly packumentCache full:https://registry.npmjs.org/openapi-typescript-helpers cache-miss
281 http fetch GET 200 https://registry.npmjs.org/fetch-blob 93ms (cache revalidated)
282 silly packumentCache full:https://registry.npmjs.org/fetch-blob set size:73704 disposed:false
283 silly fetch manifest parse-json@^8.3.0
284 silly packumentCache full:https://registry.npmjs.org/parse-json cache-miss
285 http fetch GET 200 https://registry.npmjs.org/formdata-polyfill 131ms (cache revalidated)
286 silly packumentCache full:https://registry.npmjs.org/formdata-polyfill set size:94446 disposed:false
287 silly fetch manifest ansi-colors@^4.1.3
288 silly packumentCache full:https://registry.npmjs.org/ansi-colors cache-miss
289 http fetch GET 200 https://registry.npmjs.org/is-wsl 131ms (cache revalidated)
290 silly packumentCache full:https://registry.npmjs.org/is-wsl set size:20683 disposed:false
291 silly fetch manifest change-case@^5.4.4
292 silly packumentCache full:https://registry.npmjs.org/change-case cache-miss
293 http fetch GET 200 https://registry.npmjs.org/is-docker 120ms (cache revalidated)
294 silly packumentCache full:https://registry.npmjs.org/is-docker set size:23690 disposed:false
295 silly fetch manifest yargs-parser@^21.1.1
296 silly packumentCache full:https://registry.npmjs.org/yargs-parser cache-miss
297 http fetch GET 200 https://registry.npmjs.org/parse-json 128ms (cache revalidated)
298 silly packumentCache full:https://registry.npmjs.org/parse-json set size:48198 disposed:false
299 silly fetch manifest supports-color@^10.2.2
300 silly packumentCache full:https://registry.npmjs.org/supports-color cache-miss
301 http fetch GET 200 https://registry.npmjs.org/ansi-colors 165ms (cache revalidated)
302 silly packumentCache full:https://registry.npmjs.org/ansi-colors set size:110876 disposed:false
303 silly fetch manifest @redocly/openapi-core@^1.34.5
304 silly packumentCache full:https://registry.npmjs.org/@redocly%2fopenapi-core cache-miss
305 http fetch GET 200 https://registry.npmjs.org/yargs-parser 186ms (cache revalidated)
306 silly packumentCache full:https://registry.npmjs.org/yargs-parser set size:238630 disposed:false
307 silly fetch manifest chalk@^5.3.0
308 silly packumentCache full:https://registry.npmjs.org/chalk cache-miss
309 http fetch GET 200 https://registry.npmjs.org/supports-color 200ms (cache revalidated)
310 silly packumentCache full:https://registry.npmjs.org/supports-color set size:118680 disposed:false
311 silly fetch manifest cli-cursor@^5.0.0
312 silly packumentCache full:https://registry.npmjs.org/cli-cursor cache-miss
313 http fetch GET 200 https://registry.npmjs.org/openapi-typescript-helpers 435ms (cache miss)
314 silly packumentCache full:https://registry.npmjs.org/openapi-typescript-helpers set size:undefined disposed:false
315 silly fetch manifest strip-ansi@^7.1.0
316 silly packumentCache full:https://registry.npmjs.org/strip-ansi cache-miss
317 http fetch GET 200 https://registry.npmjs.org/chalk 243ms (cache revalidated)
318 silly packumentCache full:https://registry.npmjs.org/chalk set size:117861 disposed:false
319 silly fetch manifest log-symbols@^6.0.0
320 silly packumentCache full:https://registry.npmjs.org/log-symbols cache-miss
321 http fetch GET 200 https://registry.npmjs.org/change-case 485ms (cache miss)
322 silly packumentCache full:https://registry.npmjs.org/change-case set size:undefined disposed:false
323 silly fetch manifest cli-spinners@^2.9.2
324 silly packumentCache full:https://registry.npmjs.org/cli-spinners cache-miss
325 http fetch GET 200 https://registry.npmjs.org/cli-cursor 208ms (cache revalidated)
326 silly packumentCache full:https://registry.npmjs.org/cli-cursor set size:18913 disposed:false
327 silly fetch manifest string-width@^7.2.0
328 silly packumentCache full:https://registry.npmjs.org/string-width cache-miss
329 http fetch GET 200 https://registry.npmjs.org/log-symbols 211ms (cache revalidated)
330 silly packumentCache full:https://registry.npmjs.org/log-symbols set size:31977 disposed:false
331 silly fetch manifest is-interactive@^2.0.0
332 silly packumentCache full:https://registry.npmjs.org/is-interactive cache-miss
333 http fetch GET 200 https://registry.npmjs.org/string-width 184ms (cache revalidated)
334 silly packumentCache full:https://registry.npmjs.org/string-width set size:70381 disposed:false
335 silly fetch manifest stdin-discarder@^0.2.2
336 silly packumentCache full:https://registry.npmjs.org/stdin-discarder cache-miss
337 http fetch GET 200 https://registry.npmjs.org/cli-spinners 200ms (cache revalidated)
338 silly packumentCache full:https://registry.npmjs.org/cli-spinners set size:67473 disposed:false
339 silly fetch manifest is-unicode-supported@^2.0.0
340 silly packumentCache full:https://registry.npmjs.org/is-unicode-supported cache-miss
341 http fetch GET 200 https://registry.npmjs.org/@prisma%2fdriver-adapter-utils 1604ms (cache miss)
342 silly packumentCache full:https://registry.npmjs.org/@prisma%2fdriver-adapter-utils set size:undefined disposed:false
343 silly fetch manifest xdg-portable@^10.6.0
344 silly packumentCache full:https://registry.npmjs.org/xdg-portable cache-miss
345 http fetch GET 200 https://registry.npmjs.org/strip-ansi 447ms (cache revalidated)
346 silly packumentCache full:https://registry.npmjs.org/strip-ansi set size:44998 disposed:false
347 silly fetch manifest fsevents@*
348 silly packumentCache full:https://registry.npmjs.org/fsevents cache-miss
349 http fetch GET 200 https://registry.npmjs.org/is-interactive 232ms (cache revalidated)
350 silly packumentCache full:https://registry.npmjs.org/is-interactive set size:10692 disposed:false
351 http fetch GET 200 https://registry.npmjs.org/is-unicode-supported 225ms (cache revalidated)
352 silly packumentCache full:https://registry.npmjs.org/is-unicode-supported set size:19461 disposed:false
353 http fetch GET 200 https://registry.npmjs.org/@redocly%2fopenapi-core 907ms (cache miss)
354 silly packumentCache full:https://registry.npmjs.org/@redocly%2fopenapi-core set size:undefined disposed:false
355 http fetch GET 200 https://registry.npmjs.org/stdin-discarder 579ms (cache revalidated)
356 silly packumentCache full:https://registry.npmjs.org/stdin-discarder set size:15211 disposed:false
357 http fetch GET 200 https://registry.npmjs.org/fsevents 514ms (cache miss)
358 silly packumentCache full:https://registry.npmjs.org/fsevents set size:undefined disposed:false
359 http fetch GET 200 https://registry.npmjs.org/xdg-portable 577ms (cache miss)
360 silly packumentCache full:https://registry.npmjs.org/xdg-portable set size:undefined disposed:false
361 http fetch GET 200 https://registry.npmjs.org/@prisma%2fgenerator-helper 4046ms (cache miss)
362 silly packumentCache full:https://registry.npmjs.org/@prisma%2fgenerator-helper set size:undefined disposed:false
363 silly placeDep ROOT @inquirer/checkbox@4.3.2 OK for: @inquirer/prompts@7.3.3 want: ^4.1.3
364 silly placeDep ROOT @inquirer/confirm@5.1.21 OK for: @inquirer/prompts@7.3.3 want: ^5.1.7
365 silly placeDep ROOT @inquirer/editor@4.2.23 OK for: @inquirer/prompts@7.3.3 want: ^4.2.8
366 silly placeDep ROOT @inquirer/expand@4.0.23 OK for: @inquirer/prompts@7.3.3 want: ^4.0.10
367 silly placeDep ROOT @inquirer/input@4.3.1 OK for: @inquirer/prompts@7.3.3 want: ^4.1.7
368 silly placeDep ROOT @inquirer/number@3.0.23 OK for: @inquirer/prompts@7.3.3 want: ^3.0.10
369 silly placeDep ROOT @inquirer/password@4.0.23 OK for: @inquirer/prompts@7.3.3 want: ^4.0.10
370 silly placeDep ROOT @inquirer/rawlist@4.1.11 OK for: @inquirer/prompts@7.3.3 want: ^4.0.10
371 silly placeDep ROOT @inquirer/search@3.2.2 OK for: @inquirer/prompts@7.3.3 want: ^3.0.10
372 silly placeDep ROOT @inquirer/select@4.4.2 OK for: @inquirer/prompts@7.3.3 want: ^4.0.10
373 silly fetch manifest @inquirer/ansi@^1.0.2
374 silly packumentCache full:https://registry.npmjs.org/@inquirer%2fansi cache-miss
375 silly fetch manifest @inquirer/core@^10.3.2
376 silly packumentCache full:https://registry.npmjs.org/@inquirer%2fcore cache-miss
377 silly fetch manifest @inquirer/type@^3.0.10
378 silly packumentCache full:https://registry.npmjs.org/@inquirer%2ftype cache-miss
379 silly fetch manifest yoctocolors-cjs@^2.1.3
380 silly packumentCache full:https://registry.npmjs.org/yoctocolors-cjs cache-miss
381 silly fetch manifest @inquirer/figures@^1.0.15
382 silly packumentCache full:https://registry.npmjs.org/@inquirer%2ffigures cache-miss
383 silly fetch manifest @inquirer/core@^10.3.2
384 silly packumentCache full:https://registry.npmjs.org/@inquirer%2fcore cache-miss
385 silly fetch manifest @inquirer/type@^3.0.10
386 silly packumentCache full:https://registry.npmjs.org/@inquirer%2ftype cache-miss
387 http fetch GET 200 https://registry.npmjs.org/yoctocolors-cjs 62ms (cache miss)
388 silly packumentCache full:https://registry.npmjs.org/yoctocolors-cjs set size:undefined disposed:false
389 silly fetch manifest @inquirer/core@^10.3.2
390 silly packumentCache full:https://registry.npmjs.org/@inquirer%2fcore cache-miss
391 http fetch GET 200 https://registry.npmjs.org/@inquirer%2ftype 81ms (cache revalidated)
392 silly packumentCache full:https://registry.npmjs.org/@inquirer%2ftype set size:117558 disposed:false
393 silly fetch manifest @inquirer/external-editor@^1.0.3
394 silly packumentCache full:https://registry.npmjs.org/@inquirer%2fexternal-editor cache-miss
395 http fetch GET 200 https://registry.npmjs.org/@inquirer%2fansi 93ms (cache revalidated)
396 silly packumentCache full:https://registry.npmjs.org/@inquirer%2fansi set size:26859 disposed:false
397 silly fetch manifest @inquirer/core@^10.3.2
398 silly packumentCache full:https://registry.npmjs.org/@inquirer%2fcore cache-miss
399 http fetch GET 200 https://registry.npmjs.org/@inquirer%2ftype 94ms (cache revalidated)
400 silly packumentCache full:https://registry.npmjs.org/@inquirer%2ftype set size:117558 disposed:false
401 silly packumentCache full:https://registry.npmjs.org/@inquirer%2ftype dispose
402 silly fetch manifest @inquirer/core@^10.3.2
403 silly packumentCache full:https://registry.npmjs.org/@inquirer%2fcore cache-miss
404 http fetch GET 200 https://registry.npmjs.org/@inquirer%2ffigures 100ms (cache revalidated)
405 silly packumentCache full:https://registry.npmjs.org/@inquirer%2ffigures set size:55008 disposed:false
406 silly fetch manifest @inquirer/core@^10.3.2
407 silly packumentCache full:https://registry.npmjs.org/@inquirer%2fcore cache-miss
408 http fetch GET 200 https://registry.npmjs.org/@inquirer%2fcore 104ms (cache revalidated)
409 silly packumentCache full:https://registry.npmjs.org/@inquirer%2fcore set size:350756 disposed:false
410 http fetch GET 200 https://registry.npmjs.org/@inquirer%2fcore 111ms (cache revalidated)
411 silly packumentCache full:https://registry.npmjs.org/@inquirer%2fcore set size:350756 disposed:false
412 silly packumentCache full:https://registry.npmjs.org/@inquirer%2fcore dispose
413 http cache https://registry.npmjs.org/@inquirer%2fcore 18ms (cache hit)
414 silly packumentCache full:https://registry.npmjs.org/@inquirer%2fcore set size:350756 disposed:true
415 silly packumentCache full:https://registry.npmjs.org/@inquirer%2fcore dispose
416 http fetch GET 200 https://registry.npmjs.org/@inquirer%2fcore 65ms (cache revalidated)
417 silly packumentCache full:https://registry.npmjs.org/@inquirer%2fcore set size:350756 disposed:true
418 silly packumentCache full:https://registry.npmjs.org/@inquirer%2fcore dispose
419 http fetch GET 200 https://registry.npmjs.org/@inquirer%2fexternal-editor 59ms (cache miss)
420 silly packumentCache full:https://registry.npmjs.org/@inquirer%2fexternal-editor set size:undefined disposed:false
421 http fetch GET 200 https://registry.npmjs.org/@inquirer%2fcore 71ms (cache revalidated)
422 silly packumentCache full:https://registry.npmjs.org/@inquirer%2fcore set size:350756 disposed:true
423 silly packumentCache full:https://registry.npmjs.org/@inquirer%2fcore dispose
424 http fetch GET 200 https://registry.npmjs.org/@inquirer%2fcore 77ms (cache revalidated)
425 silly packumentCache full:https://registry.npmjs.org/@inquirer%2fcore set size:350756 disposed:true
426 silly packumentCache full:https://registry.npmjs.org/@inquirer%2fcore dispose
427 silly placeDep ROOT @inquirer/ansi@1.0.2 OK for: @inquirer/checkbox@4.3.2 want: ^1.0.2
428 silly placeDep ROOT @inquirer/core@10.3.2 OK for: @inquirer/checkbox@4.3.2 want: ^10.3.2
429 silly placeDep ROOT @inquirer/figures@1.0.15 OK for: @inquirer/checkbox@4.3.2 want: ^1.0.15
430 silly placeDep ROOT @inquirer/type@3.0.10 OK for: @inquirer/checkbox@4.3.2 want: ^3.0.10
431 silly placeDep ROOT yoctocolors-cjs@2.1.3 OK for: @inquirer/checkbox@4.3.2 want: ^2.1.3
432 silly fetch manifest cli-width@^4.1.0
433 silly packumentCache full:https://registry.npmjs.org/cli-width cache-miss
434 silly fetch manifest wrap-ansi@^6.2.0
435 silly packumentCache full:https://registry.npmjs.org/wrap-ansi cache-miss
436 silly fetch manifest mute-stream@^2.0.0
437 silly packumentCache full:https://registry.npmjs.org/mute-stream cache-miss
438 silly fetch manifest signal-exit@^4.1.0
439 silly packumentCache full:https://registry.npmjs.org/signal-exit cache-miss
440 http fetch GET 200 https://registry.npmjs.org/cli-width 52ms (cache revalidated)
441 silly packumentCache full:https://registry.npmjs.org/cli-width set size:24976 disposed:false
442 http fetch GET 200 https://registry.npmjs.org/wrap-ansi 56ms (cache revalidated)
443 silly packumentCache full:https://registry.npmjs.org/wrap-ansi set size:55299 disposed:false
444 http fetch GET 200 https://registry.npmjs.org/signal-exit 56ms (cache revalidated)
445 silly packumentCache full:https://registry.npmjs.org/signal-exit set size:53489 disposed:false
446 http fetch GET 200 https://registry.npmjs.org/mute-stream 59ms (cache revalidated)
447 silly packumentCache full:https://registry.npmjs.org/mute-stream set size:24469 disposed:false
448 silly placeDep ROOT cli-width@4.1.0 OK for: @inquirer/core@10.3.2 want: ^4.1.0
449 silly placeDep ROOT mute-stream@2.0.0 OK for: @inquirer/core@10.3.2 want: ^2.0.0
450 silly placeDep ROOT signal-exit@4.1.0 OK for: @inquirer/core@10.3.2 want: ^4.1.0
451 silly placeDep ROOT wrap-ansi@6.2.0 OK for: @inquirer/core@10.3.2 want: ^6.2.0
452 silly fetch manifest strip-ansi@^6.0.0
453 silly packumentCache full:https://registry.npmjs.org/strip-ansi cache-hit
454 silly fetch manifest ansi-styles@^4.0.0
455 silly packumentCache full:https://registry.npmjs.org/ansi-styles cache-miss
456 silly fetch manifest string-width@^4.1.0
457 silly packumentCache full:https://registry.npmjs.org/string-width cache-hit
458 http fetch GET 200 https://registry.npmjs.org/ansi-styles 46ms (cache revalidated)
459 silly packumentCache full:https://registry.npmjs.org/ansi-styles set size:63233 disposed:false
460 silly placeDep ROOT @inquirer/external-editor@1.0.3 OK for: @inquirer/editor@4.2.23 want: ^1.0.3
461 silly fetch manifest chardet@^2.1.1
462 silly packumentCache full:https://registry.npmjs.org/chardet cache-miss
463 silly fetch manifest iconv-lite@^0.7.0
464 silly packumentCache full:https://registry.npmjs.org/iconv-lite cache-miss
465 http fetch GET 200 https://registry.npmjs.org/chardet 49ms (cache miss)
466 silly packumentCache full:https://registry.npmjs.org/chardet set size:undefined disposed:false
467 http fetch GET 200 https://registry.npmjs.org/iconv-lite 51ms (cache revalidated)
468 silly packumentCache full:https://registry.npmjs.org/iconv-lite set size:120557 disposed:false
469 silly placeDep ROOT chardet@2.1.1 OK for: @inquirer/external-editor@1.0.3 want: ^2.1.1
470 silly placeDep ROOT iconv-lite@0.7.2 OK for: @inquirer/external-editor@1.0.3 want: ^0.7.0
471 silly fetch manifest safer-buffer@>= 2.1.2 < 3.0.0
472 silly packumentCache full:https://registry.npmjs.org/safer-buffer cache-miss
473 http fetch GET 200 https://registry.npmjs.org/safer-buffer 48ms (cache revalidated)
474 silly packumentCache full:https://registry.npmjs.org/safer-buffer set size:18521 disposed:false
475 silly placeDep ROOT esbuild@0.28.0 OK for: @prisma/config@6.7.0 want: >=0.12 <1
476 silly placeDep ROOT esbuild-register@3.6.0 OK for: @prisma/config@6.7.0 want: 3.6.0
477 silly fetch manifest @esbuild/aix-ppc64@0.28.0
478 silly packumentCache full:https://registry.npmjs.org/@esbuild%2faix-ppc64 cache-miss
479 silly fetch manifest @esbuild/android-arm@0.28.0
480 silly packumentCache full:https://registry.npmjs.org/@esbuild%2fandroid-arm cache-miss
481 silly fetch manifest @esbuild/android-arm64@0.28.0
482 silly packumentCache full:https://registry.npmjs.org/@esbuild%2fandroid-arm64 cache-miss
483 silly fetch manifest @esbuild/android-x64@0.28.0
484 silly packumentCache full:https://registry.npmjs.org/@esbuild%2fandroid-x64 cache-miss
485 silly fetch manifest @esbuild/darwin-arm64@0.28.0
486 silly packumentCache full:https://registry.npmjs.org/@esbuild%2fdarwin-arm64 cache-miss
487 silly fetch manifest @esbuild/darwin-x64@0.28.0
488 silly packumentCache full:https://registry.npmjs.org/@esbuild%2fdarwin-x64 cache-miss
489 silly fetch manifest @esbuild/freebsd-arm64@0.28.0
490 silly packumentCache full:https://registry.npmjs.org/@esbuild%2ffreebsd-arm64 cache-miss
491 http fetch GET 200 https://registry.npmjs.org/@esbuild%2fandroid-x64 114ms (cache miss)
492 silly packumentCache full:https://registry.npmjs.org/@esbuild%2fandroid-x64 set size:undefined disposed:false
493 silly fetch manifest @esbuild/freebsd-x64@0.28.0
494 silly packumentCache full:https://registry.npmjs.org/@esbuild%2ffreebsd-x64 cache-miss
495 http fetch GET 200 https://registry.npmjs.org/@esbuild%2fdarwin-arm64 128ms (cache miss)
496 silly packumentCache full:https://registry.npmjs.org/@esbuild%2fdarwin-arm64 set size:undefined disposed:false
497 silly fetch manifest @esbuild/linux-arm@0.28.0
498 silly packumentCache full:https://registry.npmjs.org/@esbuild%2flinux-arm cache-miss
499 http fetch GET 200 https://registry.npmjs.org/@esbuild%2faix-ppc64 180ms (cache miss)
500 silly packumentCache full:https://registry.npmjs.org/@esbuild%2faix-ppc64 set size:undefined disposed:false
501 silly fetch manifest @esbuild/linux-arm64@0.28.0
502 silly packumentCache full:https://registry.npmjs.org/@esbuild%2flinux-arm64 cache-miss
503 http fetch GET 200 https://registry.npmjs.org/@esbuild%2fdarwin-x64 197ms (cache miss)
504 silly packumentCache full:https://registry.npmjs.org/@esbuild%2fdarwin-x64 set size:undefined disposed:false
505 silly fetch manifest @esbuild/linux-ia32@0.28.0
506 silly packumentCache full:https://registry.npmjs.org/@esbuild%2flinux-ia32 cache-miss
507 http fetch GET 200 https://registry.npmjs.org/@esbuild%2ffreebsd-arm64 205ms (cache miss)
508 silly packumentCache full:https://registry.npmjs.org/@esbuild%2ffreebsd-arm64 set size:undefined disposed:false
509 silly fetch manifest @esbuild/linux-loong64@0.28.0
510 silly packumentCache full:https://registry.npmjs.org/@esbuild%2flinux-loong64 cache-miss
511 http fetch GET 200 https://registry.npmjs.org/@esbuild%2fandroid-arm64 213ms (cache miss)
512 silly packumentCache full:https://registry.npmjs.org/@esbuild%2fandroid-arm64 set size:undefined disposed:false
513 silly fetch manifest @esbuild/linux-mips64el@0.28.0
514 silly packumentCache full:https://registry.npmjs.org/@esbuild%2flinux-mips64el cache-miss
515 http fetch GET 200 https://registry.npmjs.org/@esbuild%2fandroid-arm 223ms (cache miss)
516 silly packumentCache full:https://registry.npmjs.org/@esbuild%2fandroid-arm set size:undefined disposed:false
517 silly fetch manifest @esbuild/linux-ppc64@0.28.0
518 silly packumentCache full:https://registry.npmjs.org/@esbuild%2flinux-ppc64 cache-miss
519 http fetch GET 200 https://registry.npmjs.org/@esbuild%2ffreebsd-x64 112ms (cache miss)
520 silly packumentCache full:https://registry.npmjs.org/@esbuild%2ffreebsd-x64 set size:undefined disposed:false
521 silly fetch manifest @esbuild/linux-riscv64@0.28.0
522 silly packumentCache full:https://registry.npmjs.org/@esbuild%2flinux-riscv64 cache-miss
523 http fetch GET 200 https://registry.npmjs.org/@esbuild%2flinux-arm 125ms (cache miss)
524 silly packumentCache full:https://registry.npmjs.org/@esbuild%2flinux-arm set size:undefined disposed:false
525 silly fetch manifest @esbuild/linux-s390x@0.28.0
526 silly packumentCache full:https://registry.npmjs.org/@esbuild%2flinux-s390x cache-miss
527 http fetch GET 200 https://registry.npmjs.org/@esbuild%2flinux-ia32 145ms (cache miss)
528 silly packumentCache full:https://registry.npmjs.org/@esbuild%2flinux-ia32 set size:undefined disposed:false
529 silly fetch manifest @esbuild/linux-x64@0.28.0
530 silly packumentCache full:https://registry.npmjs.org/@esbuild%2flinux-x64 cache-miss
531 http fetch GET 200 https://registry.npmjs.org/@esbuild%2flinux-loong64 145ms (cache miss)
532 silly packumentCache full:https://registry.npmjs.org/@esbuild%2flinux-loong64 set size:undefined disposed:false
533 silly fetch manifest @esbuild/netbsd-arm64@0.28.0
534 silly packumentCache full:https://registry.npmjs.org/@esbuild%2fnetbsd-arm64 cache-miss
535 http fetch GET 200 https://registry.npmjs.org/@esbuild%2flinux-mips64el 183ms (cache miss)
536 silly packumentCache full:https://registry.npmjs.org/@esbuild%2flinux-mips64el set size:undefined disposed:false
537 silly fetch manifest @esbuild/netbsd-x64@0.28.0
538 silly packumentCache full:https://registry.npmjs.org/@esbuild%2fnetbsd-x64 cache-miss
539 http fetch GET 200 https://registry.npmjs.org/@esbuild%2flinux-riscv64 186ms (cache miss)
540 silly packumentCache full:https://registry.npmjs.org/@esbuild%2flinux-riscv64 set size:undefined disposed:false
541 silly fetch manifest @esbuild/openbsd-arm64@0.28.0
542 silly packumentCache full:https://registry.npmjs.org/@esbuild%2fopenbsd-arm64 cache-miss
543 http fetch GET 200 https://registry.npmjs.org/@esbuild%2flinux-s390x 174ms (cache miss)
544 silly packumentCache full:https://registry.npmjs.org/@esbuild%2flinux-s390x set size:undefined disposed:false
545 silly fetch manifest @esbuild/openbsd-x64@0.28.0
546 silly packumentCache full:https://registry.npmjs.org/@esbuild%2fopenbsd-x64 cache-miss
547 http fetch GET 200 https://registry.npmjs.org/@esbuild%2flinux-ppc64 218ms (cache miss)
548 silly packumentCache full:https://registry.npmjs.org/@esbuild%2flinux-ppc64 set size:undefined disposed:false
549 silly fetch manifest @esbuild/openharmony-arm64@0.28.0
550 silly packumentCache full:https://registry.npmjs.org/@esbuild%2fopenharmony-arm64 cache-miss
551 http fetch GET 200 https://registry.npmjs.org/@esbuild%2fnetbsd-arm64 94ms (cache miss)
552 silly packumentCache full:https://registry.npmjs.org/@esbuild%2fnetbsd-arm64 set size:undefined disposed:false
553 silly fetch manifest @esbuild/sunos-x64@0.28.0
554 silly packumentCache full:https://registry.npmjs.org/@esbuild%2fsunos-x64 cache-miss
555 http fetch GET 200 https://registry.npmjs.org/@esbuild%2flinux-x64 127ms (cache miss)
556 silly packumentCache full:https://registry.npmjs.org/@esbuild%2flinux-x64 set size:undefined disposed:false
557 silly fetch manifest @esbuild/win32-arm64@0.28.0
558 silly packumentCache full:https://registry.npmjs.org/@esbuild%2fwin32-arm64 cache-miss
559 http fetch GET 200 https://registry.npmjs.org/@esbuild%2fnetbsd-x64 93ms (cache miss)
560 silly packumentCache full:https://registry.npmjs.org/@esbuild%2fnetbsd-x64 set size:undefined disposed:false
561 silly fetch manifest @esbuild/win32-ia32@0.28.0
562 silly packumentCache full:https://registry.npmjs.org/@esbuild%2fwin32-ia32 cache-miss
563 http fetch GET 200 https://registry.npmjs.org/@esbuild%2fopenbsd-x64 89ms (cache miss)
564 silly packumentCache full:https://registry.npmjs.org/@esbuild%2fopenbsd-x64 set size:undefined disposed:false
565 silly fetch manifest @esbuild/win32-x64@0.28.0
566 silly packumentCache full:https://registry.npmjs.org/@esbuild%2fwin32-x64 cache-miss
567 http fetch GET 200 https://registry.npmjs.org/@esbuild%2fopenharmony-arm64 93ms (cache miss)
568 silly packumentCache full:https://registry.npmjs.org/@esbuild%2fopenharmony-arm64 set size:undefined disposed:false
569 silly fetch manifest debug@^4.3.4
570 silly packumentCache full:https://registry.npmjs.org/debug cache-miss
571 http fetch GET 200 https://registry.npmjs.org/@esbuild%2fsunos-x64 104ms (cache miss)
572 silly packumentCache full:https://registry.npmjs.org/@esbuild%2fsunos-x64 set size:undefined disposed:false
573 http fetch GET 200 https://registry.npmjs.org/@esbuild%2fwin32-arm64 95ms (cache miss)
574 silly packumentCache full:https://registry.npmjs.org/@esbuild%2fwin32-arm64 set size:undefined disposed:false
575 http fetch GET 200 https://registry.npmjs.org/@esbuild%2flinux-arm64 395ms (cache miss)
576 silly packumentCache full:https://registry.npmjs.org/@esbuild%2flinux-arm64 set size:undefined disposed:false
577 http fetch GET 200 https://registry.npmjs.org/@esbuild%2fwin32-ia32 118ms (cache miss)
578 silly packumentCache full:https://registry.npmjs.org/@esbuild%2fwin32-ia32 set size:undefined disposed:false
579 http fetch GET 200 https://registry.npmjs.org/debug 98ms (cache revalidated)
580 silly packumentCache full:https://registry.npmjs.org/debug set size:195840 disposed:false
581 http fetch GET 200 https://registry.npmjs.org/@esbuild%2fwin32-x64 118ms (cache miss)
582 silly packumentCache full:https://registry.npmjs.org/@esbuild%2fwin32-x64 set size:undefined disposed:false
583 http fetch GET 200 https://registry.npmjs.org/@esbuild%2fopenbsd-arm64 321ms (cache miss)
584 silly packumentCache full:https://registry.npmjs.org/@esbuild%2fopenbsd-arm64 set size:undefined disposed:false
585 silly placeDep ROOT @prisma/dmmf@6.7.0 OK for: @prisma/internals@6.7.0 want: 6.7.0
586 silly placeDep ROOT @prisma/driver-adapter-utils@6.7.0 OK for: @prisma/internals@6.7.0 want: 6.7.0
587 silly placeDep ROOT @prisma/engines@6.7.0 OK for: @prisma/internals@6.7.0 want: 6.7.0
588 silly placeDep ROOT @prisma/fetch-engine@6.7.0 OK for: @prisma/internals@6.7.0 want: 6.7.0
589 silly placeDep ROOT @prisma/generator-helper@6.7.0 OK for: @prisma/internals@6.7.0 want: 6.7.0
590 silly placeDep ROOT @prisma/get-platform@6.7.0 OK for: @prisma/internals@6.7.0 want: 6.7.0
591 silly placeDep ROOT @prisma/prisma-schema-wasm@6.7.0-36.3cff47a7f5d65c3ea74883f1d736e41d68ce91ed OK for: @prisma/internals@6.7.0 want: 6.7.0-36.3cff47a7f5d65c3ea74883f1d736e41d68ce91ed
592 silly placeDep ROOT @prisma/schema-engine-wasm@6.7.0-36.3cff47a7f5d65c3ea74883f1d736e41d68ce91ed OK for: @prisma/internals@6.7.0 want: 6.7.0-36.3cff47a7f5d65c3ea74883f1d736e41d68ce91ed
593 silly placeDep ROOT @prisma/schema-files-loader@6.7.0 OK for: @prisma/internals@6.7.0 want: 6.7.0
594 silly placeDep ROOT prompts@2.4.2 OK for: @prisma/internals@6.7.0 want: 2.4.2
595 silly fetch manifest @prisma/engines-version@6.7.0-36.3cff47a7f5d65c3ea74883f1d736e41d68ce91ed
596 silly packumentCache full:https://registry.npmjs.org/@prisma%2fengines-version cache-miss
597 silly fetch manifest @prisma/engines-version@6.7.0-36.3cff47a7f5d65c3ea74883f1d736e41d68ce91ed
598 silly packumentCache full:https://registry.npmjs.org/@prisma%2fengines-version cache-miss
599 silly fetch manifest kleur@^3.0.3
600 silly packumentCache full:https://registry.npmjs.org/kleur cache-hit
601 silly fetch manifest sisteransi@^1.0.5
602 silly packumentCache full:https://registry.npmjs.org/sisteransi cache-miss
603 http fetch GET 200 https://registry.npmjs.org/sisteransi 61ms (cache revalidated)
604 silly packumentCache full:https://registry.npmjs.org/sisteransi set size:23215 disposed:false
605 http fetch GET 200 https://registry.npmjs.org/@prisma%2fengines-version 597ms (cache revalidated)
606 silly packumentCache full:https://registry.npmjs.org/@prisma%2fengines-version set size:9921553 disposed:false
607 http fetch GET 200 https://registry.npmjs.org/@prisma%2fengines-version 683ms (cache revalidated)
608 silly packumentCache full:https://registry.npmjs.org/@prisma%2fengines-version set size:9921553 disposed:false
609 silly placeDep ROOT @prisma/engines-version@6.7.0-36.3cff47a7f5d65c3ea74883f1d736e41d68ce91ed OK for: @prisma/engines@6.7.0 want: 6.7.0-36.3cff47a7f5d65c3ea74883f1d736e41d68ce91ed
610 silly fetch manifest encoding@^0.1.0
611 silly packumentCache full:https://registry.npmjs.org/encoding cache-miss
612 http fetch GET 200 https://registry.npmjs.org/encoding 52ms (cache miss)
613 silly packumentCache full:https://registry.npmjs.org/encoding set size:undefined disposed:false
614 silly placeDep ROOT ci-info@4.0.0 OK for: checkpoint-client@1.1.33 want: 4.0.0
615 silly placeDep ROOT env-paths@2.2.1 OK for: checkpoint-client@1.1.33 want: 2.2.1
616 silly placeDep ROOT make-dir@4.0.0 OK for: checkpoint-client@1.1.33 want: 4.0.0
617 silly placeDep ROOT ms@2.1.3 OK for: checkpoint-client@1.1.33 want: 2.1.3
618 silly placeDep node_modules/checkpoint-client node-fetch@2.7.0 OK for: checkpoint-client@1.1.33 want: 2.7.0
619 silly placeDep ROOT uuid@9.0.1 OK for: checkpoint-client@1.1.33 want: 9.0.1
620 silly fetch manifest semver@^7.5.3
621 silly packumentCache full:https://registry.npmjs.org/semver cache-miss
622 silly fetch manifest whatwg-url@^5.0.0
623 silly packumentCache full:https://registry.npmjs.org/whatwg-url cache-miss
624 http fetch GET 200 https://registry.npmjs.org/semver 64ms (cache revalidated)
625 silly packumentCache full:https://registry.npmjs.org/semver set size:235672 disposed:false
626 http fetch GET 200 https://registry.npmjs.org/whatwg-url 69ms (cache miss)
627 silly packumentCache full:https://registry.npmjs.org/whatwg-url set size:undefined disposed:false
628 silly placeDep ROOT fast-check@3.23.2 OK for: effect@3.12.10 want: ^3.23.1
629 silly fetch manifest pure-rand@^6.1.0
630 silly packumentCache full:https://registry.npmjs.org/pure-rand cache-miss
631 http fetch GET 200 https://registry.npmjs.org/pure-rand 42ms (cache revalidated)
632 silly packumentCache full:https://registry.npmjs.org/pure-rand set size:185950 disposed:false
633 silly placeDep ROOT @esbuild/aix-ppc64@0.28.0 OK for: esbuild@0.28.0 want: 0.28.0
634 silly placeDep ROOT @esbuild/android-arm@0.28.0 OK for: esbuild@0.28.0 want: 0.28.0
635 silly placeDep ROOT @esbuild/android-arm64@0.28.0 OK for: esbuild@0.28.0 want: 0.28.0
636 silly placeDep ROOT @esbuild/android-x64@0.28.0 OK for: esbuild@0.28.0 want: 0.28.0
637 silly placeDep ROOT @esbuild/darwin-arm64@0.28.0 OK for: esbuild@0.28.0 want: 0.28.0
638 silly placeDep ROOT @esbuild/darwin-x64@0.28.0 OK for: esbuild@0.28.0 want: 0.28.0
639 silly placeDep ROOT @esbuild/freebsd-arm64@0.28.0 OK for: esbuild@0.28.0 want: 0.28.0
640 silly placeDep ROOT @esbuild/freebsd-x64@0.28.0 OK for: esbuild@0.28.0 want: 0.28.0
641 silly placeDep ROOT @esbuild/linux-arm@0.28.0 OK for: esbuild@0.28.0 want: 0.28.0
642 silly placeDep ROOT @esbuild/linux-arm64@0.28.0 OK for: esbuild@0.28.0 want: 0.28.0
643 silly placeDep ROOT @esbuild/linux-ia32@0.28.0 OK for: esbuild@0.28.0 want: 0.28.0
644 silly placeDep ROOT @esbuild/linux-loong64@0.28.0 OK for: esbuild@0.28.0 want: 0.28.0
645 silly placeDep ROOT @esbuild/linux-mips64el@0.28.0 OK for: esbuild@0.28.0 want: 0.28.0
646 silly placeDep ROOT @esbuild/linux-ppc64@0.28.0 OK for: esbuild@0.28.0 want: 0.28.0
647 silly placeDep ROOT @esbuild/linux-riscv64@0.28.0 OK for: esbuild@0.28.0 want: 0.28.0
648 silly placeDep ROOT @esbuild/linux-s390x@0.28.0 OK for: esbuild@0.28.0 want: 0.28.0
649 silly placeDep ROOT @esbuild/linux-x64@0.28.0 OK for: esbuild@0.28.0 want: 0.28.0
650 silly placeDep ROOT @esbuild/netbsd-arm64@0.28.0 OK for: esbuild@0.28.0 want: 0.28.0
651 silly placeDep ROOT @esbuild/netbsd-x64@0.28.0 OK for: esbuild@0.28.0 want: 0.28.0
652 silly placeDep ROOT @esbuild/openbsd-arm64@0.28.0 OK for: esbuild@0.28.0 want: 0.28.0
653 silly placeDep ROOT @esbuild/openbsd-x64@0.28.0 OK for: esbuild@0.28.0 want: 0.28.0
654 silly placeDep ROOT @esbuild/openharmony-arm64@0.28.0 OK for: esbuild@0.28.0 want: 0.28.0
655 silly placeDep ROOT @esbuild/sunos-x64@0.28.0 OK for: esbuild@0.28.0 want: 0.28.0
656 silly placeDep ROOT @esbuild/win32-arm64@0.28.0 OK for: esbuild@0.28.0 want: 0.28.0
657 silly placeDep ROOT @esbuild/win32-ia32@0.28.0 OK for: esbuild@0.28.0 want: 0.28.0
658 silly placeDep ROOT @esbuild/win32-x64@0.28.0 OK for: esbuild@0.28.0 want: 0.28.0
659 silly placeDep ROOT debug@4.4.3 OK for: esbuild-register@3.6.0 want: ^4.3.4
660 silly placeDep ROOT pure-rand@6.1.0 OK for: fast-check@3.23.2 want: ^6.1.0
661 silly placeDep ROOT graceful-fs@4.2.11 OK for: fs-extra@11.3.0 want: ^4.2.0
662 silly placeDep ROOT jsonfile@6.2.1 OK for: fs-extra@11.3.0 want: ^6.0.1
663 silly placeDep ROOT universalify@2.0.1 OK for: fs-extra@11.3.0 want: ^2.0.0
664 silly placeDep ROOT resolve-pkg-maps@1.0.0 OK for: get-tsconfig@4.10.0 want: ^1.0.0
665 silly placeDep ROOT safer-buffer@2.1.2 OK for: iconv-lite@0.7.2 want: >= 2.1.2 < 3.0.0
666 silly placeDep ROOT semver@7.8.1 OK for: make-dir@4.0.0 want: ^7.5.3
667 silly placeDep ROOT data-uri-to-buffer@4.0.1 OK for: node-fetch@3.3.2 want: ^4.0.0
668 silly placeDep ROOT fetch-blob@3.2.0 OK for: node-fetch@3.3.2 want: ^3.1.4
669 silly placeDep ROOT formdata-polyfill@4.0.10 OK for: node-fetch@3.3.2 want: ^4.0.10
670 silly fetch manifest node-domexception@^1.0.0
671 silly packumentCache full:https://registry.npmjs.org/node-domexception cache-miss
672 silly fetch manifest web-streams-polyfill@^3.0.3
673 silly packumentCache full:https://registry.npmjs.org/web-streams-polyfill cache-miss
674 http fetch GET 200 https://registry.npmjs.org/node-domexception 55ms (cache revalidated)
675 silly packumentCache full:https://registry.npmjs.org/node-domexception set size:11516 disposed:false
676 http fetch GET 200 https://registry.npmjs.org/web-streams-polyfill 57ms (cache revalidated)
677 silly packumentCache full:https://registry.npmjs.org/web-streams-polyfill set size:140806 disposed:false
678 silly placeDep ROOT node-domexception@1.0.0 OK for: fetch-blob@3.2.0 want: ^1.0.0
679 silly placeDep ROOT web-streams-polyfill@3.3.3 OK for: fetch-blob@3.2.0 want: ^3.0.3
680 silly placeDep ROOT is-docker@2.2.1 OK for: open@7.4.2 want: ^2.0.0
681 silly placeDep ROOT is-wsl@2.2.0 OK for: open@7.4.2 want: ^2.1.1
682 silly placeDep ROOT openapi-typescript-helpers@0.0.15 OK for: openapi-fetch@0.15.0 want: ^0.0.15
683 silly placeDep ROOT @redocly/openapi-core@1.34.15 OK for: openapi-typescript@7.10.1 want: ^1.34.5
684 silly placeDep ROOT ansi-colors@4.1.3 OK for: openapi-typescript@7.10.1 want: ^4.1.3
685 silly placeDep ROOT change-case@5.4.4 OK for: openapi-typescript@7.10.1 want: ^5.4.4
686 silly placeDep ROOT parse-json@8.3.0 OK for: openapi-typescript@7.10.1 want: ^8.3.0
687 silly placeDep ROOT supports-color@10.2.2 OK for: openapi-typescript@7.10.1 want: ^10.2.2
688 silly placeDep ROOT yargs-parser@21.1.1 OK for: openapi-typescript@7.10.1 want: ^21.1.1
689 silly fetch manifest @redocly/ajv@8.11.2
690 silly packumentCache full:https://registry.npmjs.org/@redocly%2fajv cache-miss
691 silly fetch manifest @redocly/config@0.22.0
692 silly packumentCache full:https://registry.npmjs.org/@redocly%2fconfig cache-miss
693 silly fetch manifest colorette@1.4.0
694 silly packumentCache full:https://registry.npmjs.org/colorette cache-miss
695 silly fetch manifest https-proxy-agent@7.0.6
696 silly packumentCache full:https://registry.npmjs.org/https-proxy-agent cache-miss
697 silly fetch manifest js-levenshtein@1.1.6
698 silly packumentCache full:https://registry.npmjs.org/js-levenshtein cache-miss
699 silly fetch manifest js-yaml@4.1.1
700 silly packumentCache full:https://registry.npmjs.org/js-yaml cache-miss
701 silly fetch manifest minimatch@5.1.9
702 silly packumentCache full:https://registry.npmjs.org/minimatch cache-miss
703 http fetch GET 200 https://registry.npmjs.org/minimatch 59ms (cache revalidated)
704 silly packumentCache full:https://registry.npmjs.org/minimatch set size:375282 disposed:false
705 silly fetch manifest pluralize@8.0.0
706 silly packumentCache full:https://registry.npmjs.org/pluralize cache-miss
707 http fetch GET 200 https://registry.npmjs.org/js-yaml 68ms (cache revalidated)
708 silly packumentCache full:https://registry.npmjs.org/js-yaml set size:152232 disposed:false
709 silly fetch manifest yaml-ast-parser@0.0.43
710 silly packumentCache full:https://registry.npmjs.org/yaml-ast-parser cache-miss
711 http fetch GET 200 https://registry.npmjs.org/colorette 78ms (cache miss)
712 silly packumentCache full:https://registry.npmjs.org/colorette set size:undefined disposed:false
713 silly fetch manifest @babel/code-frame@^7.26.2
714 silly packumentCache full:https://registry.npmjs.org/@babel%2fcode-frame cache-miss
715 http fetch GET 200 https://registry.npmjs.org/https-proxy-agent 81ms (cache revalidated)
716 silly packumentCache full:https://registry.npmjs.org/https-proxy-agent set size:81258 disposed:false
717 silly fetch manifest index-to-position@^1.1.0
718 silly packumentCache full:https://registry.npmjs.org/index-to-position cache-miss
719 http fetch GET 200 https://registry.npmjs.org/pluralize 67ms (cache miss)
720 silly packumentCache full:https://registry.npmjs.org/pluralize set size:undefined disposed:false
721 silly fetch manifest type-fest@^4.39.1
722 silly packumentCache full:https://registry.npmjs.org/type-fest cache-miss
723 http fetch GET 200 https://registry.npmjs.org/@babel%2fcode-frame 65ms (cache revalidated)
724 silly packumentCache full:https://registry.npmjs.org/@babel%2fcode-frame set size:204481 disposed:false
725 http fetch GET 200 https://registry.npmjs.org/type-fest 47ms (cache revalidated)
726 silly packumentCache full:https://registry.npmjs.org/type-fest set size:560517 disposed:false
727 http fetch GET 200 https://registry.npmjs.org/js-levenshtein 304ms (cache miss)
728 silly packumentCache full:https://registry.npmjs.org/js-levenshtein set size:undefined disposed:false
729 http fetch GET 200 https://registry.npmjs.org/yaml-ast-parser 284ms (cache miss)
730 silly packumentCache full:https://registry.npmjs.org/yaml-ast-parser set size:undefined disposed:false
731 http fetch GET 200 https://registry.npmjs.org/index-to-position 307ms (cache miss)
732 silly packumentCache full:https://registry.npmjs.org/index-to-position set size:undefined disposed:false
733 http fetch GET 200 https://registry.npmjs.org/@redocly%2fajv 581ms (cache miss)
734 silly packumentCache full:https://registry.npmjs.org/@redocly%2fajv set size:undefined disposed:false
735 http fetch GET 200 https://registry.npmjs.org/@redocly%2fconfig 583ms (cache miss)
736 silly packumentCache full:https://registry.npmjs.org/@redocly%2fconfig set size:undefined disposed:false
737 silly placeDep ROOT @redocly/ajv@8.11.2 OK for: @redocly/openapi-core@1.34.15 want: 8.11.2
738 silly placeDep ROOT @redocly/config@0.22.0 OK for: @redocly/openapi-core@1.34.15 want: 0.22.0
739 silly placeDep ROOT colorette@1.4.0 OK for: @redocly/openapi-core@1.34.15 want: 1.4.0
740 silly placeDep ROOT https-proxy-agent@7.0.6 OK for: @redocly/openapi-core@1.34.15 want: 7.0.6
741 silly placeDep ROOT js-levenshtein@1.1.6 OK for: @redocly/openapi-core@1.34.15 want: 1.1.6
742 silly placeDep ROOT js-yaml@4.1.1 OK for: @redocly/openapi-core@1.34.15 want: 4.1.1
743 silly placeDep ROOT minimatch@5.1.9 OK for: @redocly/openapi-core@1.34.15 want: 5.1.9
744 silly placeDep ROOT pluralize@8.0.0 OK for: @redocly/openapi-core@1.34.15 want: 8.0.0
745 silly placeDep ROOT yaml-ast-parser@0.0.43 OK for: @redocly/openapi-core@1.34.15 want: 0.0.43
746 silly fetch manifest uri-js-replace@^1.0.1
747 silly packumentCache full:https://registry.npmjs.org/uri-js-replace cache-miss
748 silly fetch manifest fast-deep-equal@^3.1.1
749 silly packumentCache full:https://registry.npmjs.org/fast-deep-equal cache-miss
750 silly fetch manifest require-from-string@^2.0.2
751 silly packumentCache full:https://registry.npmjs.org/require-from-string cache-miss
752 silly fetch manifest json-schema-traverse@^1.0.0
753 silly packumentCache full:https://registry.npmjs.org/json-schema-traverse cache-miss
754 silly fetch manifest agent-base@^7.1.2
755 silly packumentCache full:https://registry.npmjs.org/agent-base cache-miss
756 silly fetch manifest argparse@^2.0.1
757 silly packumentCache full:https://registry.npmjs.org/argparse cache-miss
758 silly fetch manifest brace-expansion@^2.0.1
759 silly packumentCache full:https://registry.npmjs.org/brace-expansion cache-miss
760 http fetch GET 200 https://registry.npmjs.org/require-from-string 51ms (cache revalidated)
761 silly packumentCache full:https://registry.npmjs.org/require-from-string set size:15128 disposed:false
762 http fetch GET 200 https://registry.npmjs.org/json-schema-traverse 56ms (cache revalidated)
763 silly packumentCache full:https://registry.npmjs.org/json-schema-traverse set size:23537 disposed:false
764 http fetch GET 200 https://registry.npmjs.org/fast-deep-equal 61ms (cache revalidated)
765 silly packumentCache full:https://registry.npmjs.org/fast-deep-equal set size:48634 disposed:false
766 http fetch GET 200 https://registry.npmjs.org/brace-expansion 65ms (cache revalidated)
767 silly packumentCache full:https://registry.npmjs.org/brace-expansion set size:72152 disposed:false
768 http fetch GET 200 https://registry.npmjs.org/agent-base 68ms (cache revalidated)
769 silly packumentCache full:https://registry.npmjs.org/agent-base set size:72085 disposed:false
770 http fetch GET 200 https://registry.npmjs.org/argparse 75ms (cache revalidated)
771 silly packumentCache full:https://registry.npmjs.org/argparse set size:49266 disposed:false
772 http fetch GET 200 https://registry.npmjs.org/uri-js-replace 355ms (cache miss)
773 silly packumentCache full:https://registry.npmjs.org/uri-js-replace set size:undefined disposed:false
774 silly placeDep ROOT fast-deep-equal@3.1.3 OK for: @redocly/ajv@8.11.2 want: ^3.1.1
775 silly placeDep ROOT json-schema-traverse@1.0.0 OK for: @redocly/ajv@8.11.2 want: ^1.0.0
776 silly placeDep ROOT require-from-string@2.0.2 OK for: @redocly/ajv@8.11.2 want: ^2.0.2
777 silly placeDep ROOT uri-js-replace@1.0.1 OK for: @redocly/ajv@8.11.2 want: ^1.0.1
778 silly placeDep ROOT agent-base@7.1.4 OK for: https-proxy-agent@7.0.6 want: ^7.1.2
779 silly placeDep ROOT argparse@2.0.1 OK for: js-yaml@4.1.1 want: ^2.0.1
780 silly placeDep ROOT brace-expansion@2.1.1 OK for: minimatch@5.1.9 want: ^2.0.1
781 silly fetch manifest balanced-match@^1.0.0
782 silly packumentCache full:https://registry.npmjs.org/balanced-match cache-miss
783 http fetch GET 200 https://registry.npmjs.org/balanced-match 48ms (cache revalidated)
784 silly packumentCache full:https://registry.npmjs.org/balanced-match set size:39082 disposed:false
785 silly placeDep ROOT balanced-match@1.0.2 OK for: brace-expansion@2.1.1 want: ^1.0.0
786 silly placeDep ROOT chalk@5.6.2 OK for: ora@8.2.0 want: ^5.3.0
787 silly placeDep ROOT cli-cursor@5.0.0 OK for: ora@8.2.0 want: ^5.0.0
788 silly placeDep ROOT cli-spinners@2.9.2 OK for: ora@8.2.0 want: ^2.9.2
789 silly placeDep ROOT is-interactive@2.0.0 OK for: ora@8.2.0 want: ^2.0.0
790 silly placeDep ROOT is-unicode-supported@2.1.0 OK for: ora@8.2.0 want: ^2.0.0
791 silly placeDep ROOT log-symbols@6.0.0 OK for: ora@8.2.0 want: ^6.0.0
792 silly placeDep ROOT stdin-discarder@0.2.2 OK for: ora@8.2.0 want: ^0.2.2
793 silly placeDep ROOT string-width@7.2.0 OK for: ora@8.2.0 want: ^7.2.0
794 silly placeDep ROOT strip-ansi@7.2.0 OK for: ora@8.2.0 want: ^7.1.0
795 silly fetch manifest restore-cursor@^5.0.0
796 silly packumentCache full:https://registry.npmjs.org/restore-cursor cache-miss
797 silly fetch manifest is-unicode-supported@^1.3.0
798 silly packumentCache full:https://registry.npmjs.org/is-unicode-supported cache-hit
799 silly fetch manifest emoji-regex@^10.3.0
800 silly packumentCache full:https://registry.npmjs.org/emoji-regex cache-miss
801 silly fetch manifest get-east-asian-width@^1.0.0
802 silly packumentCache full:https://registry.npmjs.org/get-east-asian-width cache-miss
803 silly fetch manifest ansi-regex@^6.2.2
804 silly packumentCache full:https://registry.npmjs.org/ansi-regex cache-miss
805 http fetch GET 200 https://registry.npmjs.org/emoji-regex 51ms (cache revalidated)
806 silly packumentCache full:https://registry.npmjs.org/emoji-regex set size:89064 disposed:false
807 http fetch GET 200 https://registry.npmjs.org/restore-cursor 64ms (cache revalidated)
808 silly packumentCache full:https://registry.npmjs.org/restore-cursor set size:17895 disposed:false
809 http fetch GET 200 https://registry.npmjs.org/ansi-regex 68ms (cache revalidated)
810 silly packumentCache full:https://registry.npmjs.org/ansi-regex set size:43572 disposed:false
811 http fetch GET 200 https://registry.npmjs.org/get-east-asian-width 72ms (cache revalidated)
812 silly packumentCache full:https://registry.npmjs.org/get-east-asian-width set size:20538 disposed:false
813 silly placeDep ROOT restore-cursor@5.1.0 OK for: cli-cursor@5.0.0 want: ^5.0.0
814 silly fetch manifest onetime@^7.0.0
815 silly packumentCache full:https://registry.npmjs.org/onetime cache-miss
816 http fetch GET 200 https://registry.npmjs.org/onetime 64ms (cache revalidated)
817 silly packumentCache full:https://registry.npmjs.org/onetime set size:32314 disposed:false
818 silly placeDep node_modules/log-symbols is-unicode-supported@1.3.0 OK for: log-symbols@6.0.0 want: ^1.3.0
819 silly placeDep ROOT @babel/code-frame@7.29.7 OK for: parse-json@8.3.0 want: ^7.26.2
820 silly placeDep ROOT index-to-position@1.2.0 OK for: parse-json@8.3.0 want: ^1.1.0
821 silly placeDep ROOT type-fest@4.41.0 OK for: parse-json@8.3.0 want: ^4.39.1
822 silly fetch manifest @babel/helper-validator-identifier@^7.29.7
823 silly packumentCache full:https://registry.npmjs.org/@babel%2fhelper-validator-identifier cache-miss
824 silly fetch manifest js-tokens@^4.0.0
825 silly packumentCache full:https://registry.npmjs.org/js-tokens cache-miss
826 silly fetch manifest picocolors@^1.1.1
827 silly packumentCache full:https://registry.npmjs.org/picocolors cache-miss
828 http fetch GET 200 https://registry.npmjs.org/js-tokens 62ms (cache revalidated)
829 silly packumentCache full:https://registry.npmjs.org/js-tokens set size:41947 disposed:false
830 http fetch GET 200 https://registry.npmjs.org/picocolors 70ms (cache revalidated)
831 silly packumentCache full:https://registry.npmjs.org/picocolors set size:16648 disposed:false
832 http fetch GET 200 https://registry.npmjs.org/@babel%2fhelper-validator-identifier 78ms (cache revalidated)
833 silly packumentCache full:https://registry.npmjs.org/@babel%2fhelper-validator-identifier set size:123928 disposed:false
834 silly placeDep ROOT @babel/helper-validator-identifier@7.29.7 OK for: @babel/code-frame@7.29.7 want: ^7.29.7
835 silly placeDep ROOT js-tokens@4.0.0 OK for: @babel/code-frame@7.29.7 want: ^4.0.0
836 silly placeDep ROOT picocolors@1.1.1 OK for: @babel/code-frame@7.29.7 want: ^1.1.1
837 silly placeDep node_modules/prompts kleur@3.0.3 OK for: prompts@2.4.2 want: ^3.0.3
838 silly placeDep ROOT sisteransi@1.0.5 OK for: prompts@2.4.2 want: ^1.0.5
839 silly placeDep ROOT onetime@7.0.0 OK for: restore-cursor@5.1.0 want: ^7.0.0
840 silly fetch manifest mimic-function@^5.0.0
841 silly packumentCache full:https://registry.npmjs.org/mimic-function cache-miss
842 http fetch GET 200 https://registry.npmjs.org/mimic-function 58ms (cache revalidated)
843 silly packumentCache full:https://registry.npmjs.org/mimic-function set size:6356 disposed:false
844 silly placeDep ROOT mimic-function@5.0.1 OK for: onetime@7.0.0 want: ^5.0.0
845 silly placeDep ROOT emoji-regex@10.6.0 OK for: string-width@7.2.0 want: ^10.3.0
846 silly placeDep ROOT get-east-asian-width@1.6.0 OK for: string-width@7.2.0 want: ^1.0.0
847 silly placeDep ROOT ansi-regex@6.2.2 OK for: strip-ansi@7.2.0 want: ^6.2.2
848 silly placeDep ROOT ansi-styles@4.3.0 OK for: wrap-ansi@6.2.0 want: ^4.0.0
849 silly placeDep node_modules/wrap-ansi string-width@4.2.3 OK for: wrap-ansi@6.2.0 want: ^4.1.0
850 silly placeDep node_modules/wrap-ansi strip-ansi@6.0.1 OK for: wrap-ansi@6.2.0 want: ^6.0.0
851 silly fetch manifest color-convert@^2.0.1
852 silly packumentCache full:https://registry.npmjs.org/color-convert cache-miss
853 silly fetch manifest strip-ansi@^6.0.1
854 silly packumentCache full:https://registry.npmjs.org/strip-ansi cache-hit
855 silly fetch manifest emoji-regex@^8.0.0
856 silly packumentCache full:https://registry.npmjs.org/emoji-regex cache-hit
857 silly fetch manifest is-fullwidth-code-point@^3.0.0
858 silly packumentCache full:https://registry.npmjs.org/is-fullwidth-code-point cache-miss
859 silly fetch manifest ansi-regex@^5.0.1
860 silly packumentCache full:https://registry.npmjs.org/ansi-regex cache-hit
861 http fetch GET 200 https://registry.npmjs.org/color-convert 68ms (cache revalidated)
862 silly packumentCache full:https://registry.npmjs.org/color-convert set size:72663 disposed:false
863 http fetch GET 200 https://registry.npmjs.org/is-fullwidth-code-point 71ms (cache revalidated)
864 silly packumentCache full:https://registry.npmjs.org/is-fullwidth-code-point set size:14578 disposed:false
865 silly placeDep ROOT color-convert@2.0.1 OK for: ansi-styles@4.3.0 want: ^2.0.1
866 silly fetch manifest color-name@~1.1.4
867 silly packumentCache full:https://registry.npmjs.org/color-name cache-miss
868 http fetch GET 200 https://registry.npmjs.org/color-name 59ms (cache revalidated)
869 silly packumentCache full:https://registry.npmjs.org/color-name set size:19467 disposed:false
870 silly placeDep ROOT color-name@1.1.4 OK for: color-convert@2.0.1 want: ~1.1.4
871 silly placeDep ROOT fsevents@2.3.3 OK for: xdg-app-paths@8.3.0 want: *
872 silly placeDep ROOT xdg-portable@10.6.0 OK for: xdg-app-paths@8.3.0 want: ^10.6.0
873 silly fetch manifest os-paths@^7.4.0
874 silly packumentCache full:https://registry.npmjs.org/os-paths cache-miss
875 http fetch GET 200 https://registry.npmjs.org/os-paths 344ms (cache miss)
876 silly packumentCache full:https://registry.npmjs.org/os-paths set size:undefined disposed:false
877 silly placeDep ROOT os-paths@7.4.0 OK for: xdg-portable@10.6.0 want: ^7.4.0
878 silly placeDep ROOT whatwg-url@5.0.0 OK for: node-fetch@2.7.0 want: ^5.0.0
879 silly fetch manifest tr46@~0.0.3
880 silly packumentCache full:https://registry.npmjs.org/tr46 cache-miss
881 silly fetch manifest webidl-conversions@^3.0.0
882 silly packumentCache full:https://registry.npmjs.org/webidl-conversions cache-miss
883 http fetch GET 200 https://registry.npmjs.org/tr46 57ms (cache miss)
884 silly packumentCache full:https://registry.npmjs.org/tr46 set size:undefined disposed:false
885 http fetch GET 200 https://registry.npmjs.org/webidl-conversions 64ms (cache miss)
886 silly packumentCache full:https://registry.npmjs.org/webidl-conversions set size:undefined disposed:false
887 silly placeDep ROOT tr46@0.0.3 OK for: whatwg-url@5.0.0 want: ~0.0.3
888 silly placeDep ROOT webidl-conversions@3.0.1 OK for: whatwg-url@5.0.0 want: ^3.0.0
889 silly placeDep node_modules/wrap-ansi emoji-regex@8.0.0 OK for: string-width@4.2.3 want: ^8.0.0
890 silly placeDep ROOT is-fullwidth-code-point@3.0.0 OK for: string-width@4.2.3 want: ^3.0.0
891 silly placeDep node_modules/wrap-ansi ansi-regex@5.0.1 OK for: strip-ansi@6.0.1 want: ^5.0.1
892 silly reify moves {}
893 http cache is-fullwidth-code-point@https://registry.npmjs.org/is-fullwidth-code-point/-/is-fullwidth-code-point-3.0.0.tgz 0ms (cache hit)
894 http cache webidl-conversions@https://registry.npmjs.org/webidl-conversions/-/webidl-conversions-3.0.1.tgz 0ms (cache hit)
895 http cache tr46@https://registry.npmjs.org/tr46/-/tr46-0.0.3.tgz 0ms (cache hit)
896 http cache whatwg-url@https://registry.npmjs.org/whatwg-url/-/whatwg-url-5.0.0.tgz 0ms (cache hit)
897 http cache os-paths@https://registry.npmjs.org/os-paths/-/os-paths-7.4.0.tgz 0ms (cache hit)
898 http cache xdg-portable@https://registry.npmjs.org/xdg-portable/-/xdg-portable-10.6.0.tgz 0ms (cache hit)
899 http cache color-name@https://registry.npmjs.org/color-name/-/color-name-1.1.4.tgz 0ms (cache hit)
900 http cache color-convert@https://registry.npmjs.org/color-convert/-/color-convert-2.0.1.tgz 0ms (cache hit)
901 http cache ansi-styles@https://registry.npmjs.org/ansi-styles/-/ansi-styles-4.3.0.tgz 0ms (cache hit)
902 http cache ansi-regex@https://registry.npmjs.org/ansi-regex/-/ansi-regex-6.2.2.tgz 0ms (cache hit)
903 http cache get-east-asian-width@https://registry.npmjs.org/get-east-asian-width/-/get-east-asian-width-1.6.0.tgz 0ms (cache hit)
904 http cache emoji-regex@https://registry.npmjs.org/emoji-regex/-/emoji-regex-10.6.0.tgz 0ms (cache hit)
905 http cache mimic-function@https://registry.npmjs.org/mimic-function/-/mimic-function-5.0.1.tgz 0ms (cache hit)
906 http cache onetime@https://registry.npmjs.org/onetime/-/onetime-7.0.0.tgz 0ms (cache hit)
907 http cache sisteransi@https://registry.npmjs.org/sisteransi/-/sisteransi-1.0.5.tgz 0ms (cache hit)
908 http cache picocolors@https://registry.npmjs.org/picocolors/-/picocolors-1.1.1.tgz 0ms (cache hit)
909 http cache js-tokens@https://registry.npmjs.org/js-tokens/-/js-tokens-4.0.0.tgz 0ms (cache hit)
910 http cache @babel/helper-validator-identifier@https://registry.npmjs.org/@babel/helper-validator-identifier/-/helper-validator-identifier-7.29.7.tgz 0ms (cache hit)
911 http cache index-to-position@https://registry.npmjs.org/index-to-position/-/index-to-position-1.2.0.tgz 0ms (cache hit)
912 http cache type-fest@https://registry.npmjs.org/type-fest/-/type-fest-4.41.0.tgz 0ms (cache hit)
913 http cache @babel/code-frame@https://registry.npmjs.org/@babel/code-frame/-/code-frame-7.29.7.tgz 0ms (cache hit)
914 http cache restore-cursor@https://registry.npmjs.org/restore-cursor/-/restore-cursor-5.1.0.tgz 0ms (cache hit)
915 http cache strip-ansi@https://registry.npmjs.org/strip-ansi/-/strip-ansi-7.2.0.tgz 0ms (cache hit)
916 http cache string-width@https://registry.npmjs.org/string-width/-/string-width-7.2.0.tgz 0ms (cache hit)
917 http cache log-symbols@https://registry.npmjs.org/log-symbols/-/log-symbols-6.0.0.tgz 0ms (cache hit)
918 http cache stdin-discarder@https://registry.npmjs.org/stdin-discarder/-/stdin-discarder-0.2.2.tgz 0ms (cache hit)
919 http cache is-unicode-supported@https://registry.npmjs.org/is-unicode-supported/-/is-unicode-supported-2.1.0.tgz 0ms (cache hit)
920 http cache is-interactive@https://registry.npmjs.org/is-interactive/-/is-interactive-2.0.0.tgz 0ms (cache hit)
921 http cache cli-spinners@https://registry.npmjs.org/cli-spinners/-/cli-spinners-2.9.2.tgz 0ms (cache hit)
922 http cache chalk@https://registry.npmjs.org/chalk/-/chalk-5.6.2.tgz 0ms (cache hit)
923 http cache cli-cursor@https://registry.npmjs.org/cli-cursor/-/cli-cursor-5.0.0.tgz 0ms (cache hit)
924 http cache balanced-match@https://registry.npmjs.org/balanced-match/-/balanced-match-1.0.2.tgz 0ms (cache hit)
925 http cache brace-expansion@https://registry.npmjs.org/brace-expansion/-/brace-expansion-2.1.1.tgz 0ms (cache hit)
926 http cache argparse@https://registry.npmjs.org/argparse/-/argparse-2.0.1.tgz 0ms (cache hit)
927 http cache agent-base@https://registry.npmjs.org/agent-base/-/agent-base-7.1.4.tgz 0ms (cache hit)
928 http cache uri-js-replace@https://registry.npmjs.org/uri-js-replace/-/uri-js-replace-1.0.1.tgz 0ms (cache hit)
929 http cache require-from-string@https://registry.npmjs.org/require-from-string/-/require-from-string-2.0.2.tgz 0ms (cache hit)
930 http cache json-schema-traverse@https://registry.npmjs.org/json-schema-traverse/-/json-schema-traverse-1.0.0.tgz 0ms (cache hit)
931 http cache fast-deep-equal@https://registry.npmjs.org/fast-deep-equal/-/fast-deep-equal-3.1.3.tgz 0ms (cache hit)
932 http cache yaml-ast-parser@https://registry.npmjs.org/yaml-ast-parser/-/yaml-ast-parser-0.0.43.tgz 0ms (cache hit)
933 http cache pluralize@https://registry.npmjs.org/pluralize/-/pluralize-8.0.0.tgz 0ms (cache hit)
934 http cache minimatch@https://registry.npmjs.org/minimatch/-/minimatch-5.1.9.tgz 0ms (cache hit)
935 http cache js-levenshtein@https://registry.npmjs.org/js-levenshtein/-/js-levenshtein-1.1.6.tgz 0ms (cache hit)
936 http cache https-proxy-agent@https://registry.npmjs.org/https-proxy-agent/-/https-proxy-agent-7.0.6.tgz 0ms (cache hit)
937 http cache js-yaml@https://registry.npmjs.org/js-yaml/-/js-yaml-4.1.1.tgz 0ms (cache hit)
938 http cache colorette@https://registry.npmjs.org/colorette/-/colorette-1.4.0.tgz 0ms (cache hit)
939 http cache @redocly/config@https://registry.npmjs.org/@redocly/config/-/config-0.22.0.tgz 0ms (cache hit)
940 http cache @redocly/ajv@https://registry.npmjs.org/@redocly/ajv/-/ajv-8.11.2.tgz 0ms (cache hit)
941 http cache yargs-parser@https://registry.npmjs.org/yargs-parser/-/yargs-parser-21.1.1.tgz 0ms (cache hit)
942 http cache supports-color@https://registry.npmjs.org/supports-color/-/supports-color-10.2.2.tgz 0ms (cache hit)
943 http cache parse-json@https://registry.npmjs.org/parse-json/-/parse-json-8.3.0.tgz 0ms (cache hit)
944 http cache change-case@https://registry.npmjs.org/change-case/-/change-case-5.4.4.tgz 0ms (cache hit)
945 http cache openapi-typescript-helpers@https://registry.npmjs.org/openapi-typescript-helpers/-/openapi-typescript-helpers-0.0.15.tgz 0ms (cache hit)
946 http cache ansi-colors@https://registry.npmjs.org/ansi-colors/-/ansi-colors-4.1.3.tgz 0ms (cache hit)
947 http cache is-wsl@https://registry.npmjs.org/is-wsl/-/is-wsl-2.2.0.tgz 0ms (cache hit)
948 http cache @redocly/openapi-core@https://registry.npmjs.org/@redocly/openapi-core/-/openapi-core-1.34.15.tgz 0ms (cache hit)
949 http cache is-docker@https://registry.npmjs.org/is-docker/-/is-docker-2.2.1.tgz 0ms (cache hit)
950 http cache node-domexception@https://registry.npmjs.org/node-domexception/-/node-domexception-1.0.0.tgz 0ms (cache hit)
951 http cache formdata-polyfill@https://registry.npmjs.org/formdata-polyfill/-/formdata-polyfill-4.0.10.tgz 0ms (cache hit)
952 http cache fetch-blob@https://registry.npmjs.org/fetch-blob/-/fetch-blob-3.2.0.tgz 0ms (cache hit)
953 http cache data-uri-to-buffer@https://registry.npmjs.org/data-uri-to-buffer/-/data-uri-to-buffer-4.0.1.tgz 0ms (cache hit)
954 http cache semver@https://registry.npmjs.org/semver/-/semver-7.8.1.tgz 0ms (cache hit)
955 http cache safer-buffer@https://registry.npmjs.org/safer-buffer/-/safer-buffer-2.1.2.tgz 0ms (cache hit)
956 http cache resolve-pkg-maps@https://registry.npmjs.org/resolve-pkg-maps/-/resolve-pkg-maps-1.0.0.tgz 0ms (cache hit)
957 http cache universalify@https://registry.npmjs.org/universalify/-/universalify-2.0.1.tgz 0ms (cache hit)
958 http cache jsonfile@https://registry.npmjs.org/jsonfile/-/jsonfile-6.2.1.tgz 0ms (cache hit)
959 http cache graceful-fs@https://registry.npmjs.org/graceful-fs/-/graceful-fs-4.2.11.tgz 0ms (cache hit)
960 http cache pure-rand@https://registry.npmjs.org/pure-rand/-/pure-rand-6.1.0.tgz 0ms (cache hit)
961 http cache debug@https://registry.npmjs.org/debug/-/debug-4.4.3.tgz 0ms (cache hit)
962 http cache web-streams-polyfill@https://registry.npmjs.org/web-streams-polyfill/-/web-streams-polyfill-3.3.3.tgz 0ms (cache hit)
963 http cache @esbuild/win32-x64@https://registry.npmjs.org/@esbuild/win32-x64/-/win32-x64-0.28.0.tgz 0ms (cache hit)
964 http cache fast-check@https://registry.npmjs.org/fast-check/-/fast-check-3.23.2.tgz 0ms (cache hit)
965 http cache uuid@https://registry.npmjs.org/uuid/-/uuid-9.0.1.tgz 0ms (cache hit)
966 http cache make-dir@https://registry.npmjs.org/make-dir/-/make-dir-4.0.0.tgz 0ms (cache hit)
967 http cache env-paths@https://registry.npmjs.org/env-paths/-/env-paths-2.2.1.tgz 0ms (cache hit)
968 http cache ci-info@https://registry.npmjs.org/ci-info/-/ci-info-4.0.0.tgz 0ms (cache hit)
969 http cache @prisma/engines-version@https://registry.npmjs.org/@prisma/engines-version/-/engines-version-6.7.0-36.3cff47a7f5d65c3ea74883f1d736e41d68ce91ed.tgz 0ms (cache hit)
970 http cache prompts@https://registry.npmjs.org/prompts/-/prompts-2.4.2.tgz 0ms (cache hit)
971 http cache @prisma/schema-files-loader@https://registry.npmjs.org/@prisma/schema-files-loader/-/schema-files-loader-6.7.0.tgz 0ms (cache hit)
972 http cache @prisma/schema-engine-wasm@https://registry.npmjs.org/@prisma/schema-engine-wasm/-/schema-engine-wasm-6.7.0-36.3cff47a7f5d65c3ea74883f1d736e41d68ce91ed.tgz 0ms (cache hit)
973 http cache @prisma/get-platform@https://registry.npmjs.org/@prisma/get-platform/-/get-platform-6.7.0.tgz 0ms (cache hit)
974 http cache @prisma/prisma-schema-wasm@https://registry.npmjs.org/@prisma/prisma-schema-wasm/-/prisma-schema-wasm-6.7.0-36.3cff47a7f5d65c3ea74883f1d736e41d68ce91ed.tgz 0ms (cache hit)
975 http cache @prisma/generator-helper@https://registry.npmjs.org/@prisma/generator-helper/-/generator-helper-6.7.0.tgz 0ms (cache hit)
976 http cache @prisma/fetch-engine@https://registry.npmjs.org/@prisma/fetch-engine/-/fetch-engine-6.7.0.tgz 0ms (cache hit)
977 http cache ms@https://registry.npmjs.org/ms/-/ms-2.1.3.tgz 0ms (cache hit)
978 http cache @prisma/dmmf@https://registry.npmjs.org/@prisma/dmmf/-/dmmf-6.7.0.tgz 0ms (cache hit)
979 http cache @prisma/driver-adapter-utils@https://registry.npmjs.org/@prisma/driver-adapter-utils/-/driver-adapter-utils-6.7.0.tgz 0ms (cache hit)
980 http cache @prisma/engines@https://registry.npmjs.org/@prisma/engines/-/engines-6.7.0.tgz 0ms (cache hit)
981 http cache esbuild-register@https://registry.npmjs.org/esbuild-register/-/esbuild-register-3.6.0.tgz 0ms (cache hit)
982 http cache esbuild@https://registry.npmjs.org/esbuild/-/esbuild-0.28.0.tgz 0ms (cache hit)
983 http cache iconv-lite@https://registry.npmjs.org/iconv-lite/-/iconv-lite-0.7.2.tgz 0ms (cache hit)
984 http cache @inquirer/external-editor@https://registry.npmjs.org/@inquirer/external-editor/-/external-editor-1.0.3.tgz 0ms (cache hit)
985 http cache wrap-ansi@https://registry.npmjs.org/wrap-ansi/-/wrap-ansi-6.2.0.tgz 0ms (cache hit)
986 http cache signal-exit@https://registry.npmjs.org/signal-exit/-/signal-exit-4.1.0.tgz 0ms (cache hit)
987 http cache mute-stream@https://registry.npmjs.org/mute-stream/-/mute-stream-2.0.0.tgz 0ms (cache hit)
988 http cache cli-width@https://registry.npmjs.org/cli-width/-/cli-width-4.1.0.tgz 0ms (cache hit)
989 http cache chardet@https://registry.npmjs.org/chardet/-/chardet-2.1.1.tgz 0ms (cache hit)
990 http cache @inquirer/figures@https://registry.npmjs.org/@inquirer/figures/-/figures-1.0.15.tgz 0ms (cache hit)
991 http cache @inquirer/type@https://registry.npmjs.org/@inquirer/type/-/type-3.0.10.tgz 0ms (cache hit)
992 http cache @inquirer/core@https://registry.npmjs.org/@inquirer/core/-/core-10.3.2.tgz 0ms (cache hit)
993 http cache @inquirer/select@https://registry.npmjs.org/@inquirer/select/-/select-4.4.2.tgz 0ms (cache hit)
994 http cache @inquirer/ansi@https://registry.npmjs.org/@inquirer/ansi/-/ansi-1.0.2.tgz 0ms (cache hit)
995 http cache @inquirer/search@https://registry.npmjs.org/@inquirer/search/-/search-3.2.2.tgz 0ms (cache hit)
996 http cache @inquirer/rawlist@https://registry.npmjs.org/@inquirer/rawlist/-/rawlist-4.1.11.tgz 0ms (cache hit)
997 http cache @inquirer/password@https://registry.npmjs.org/@inquirer/password/-/password-4.0.23.tgz 0ms (cache hit)
998 http cache @inquirer/number@https://registry.npmjs.org/@inquirer/number/-/number-3.0.23.tgz 0ms (cache hit)
999 http cache @inquirer/input@https://registry.npmjs.org/@inquirer/input/-/input-4.3.1.tgz 0ms (cache hit)
1000 http cache @inquirer/expand@https://registry.npmjs.org/@inquirer/expand/-/expand-4.0.23.tgz 0ms (cache hit)
1001 http cache @inquirer/editor@https://registry.npmjs.org/@inquirer/editor/-/editor-4.2.23.tgz 0ms (cache hit)
1002 http cache @inquirer/confirm@https://registry.npmjs.org/@inquirer/confirm/-/confirm-5.1.21.tgz 0ms (cache hit)
1003 http cache @inquirer/checkbox@https://registry.npmjs.org/@inquirer/checkbox/-/checkbox-4.3.2.tgz 0ms (cache hit)
1004 http cache zod@https://registry.npmjs.org/zod/-/zod-4.1.12.tgz 0ms (cache hit)
1005 http cache xdg-app-paths@https://registry.npmjs.org/xdg-app-paths/-/xdg-app-paths-8.3.0.tgz 0ms (cache hit)
1006 http cache ts-pattern@https://registry.npmjs.org/ts-pattern/-/ts-pattern-5.6.2.tgz 0ms (cache hit)
1007 http cache ora@https://registry.npmjs.org/ora/-/ora-8.2.0.tgz 0ms (cache hit)
1008 http cache typescript@https://registry.npmjs.org/typescript/-/typescript-5.9.3.tgz 0ms (cache hit)
1009 http cache openapi-typescript@https://registry.npmjs.org/openapi-typescript/-/openapi-typescript-7.10.1.tgz 0ms (cache hit)
1010 http cache open@https://registry.npmjs.org/open/-/open-7.4.2.tgz 0ms (cache hit)
1011 http cache openapi-fetch@https://registry.npmjs.org/openapi-fetch/-/openapi-fetch-0.15.0.tgz 0ms (cache hit)
1012 http cache node-fetch@https://registry.npmjs.org/node-fetch/-/node-fetch-3.3.2.tgz 0ms (cache hit)
1013 http cache kleur@https://registry.npmjs.org/kleur/-/kleur-4.1.5.tgz 0ms (cache hit)
1014 http cache get-tsconfig@https://registry.npmjs.org/get-tsconfig/-/get-tsconfig-4.10.0.tgz 0ms (cache hit)
1015 http cache fs-extra@https://registry.npmjs.org/fs-extra/-/fs-extra-11.3.0.tgz 0ms (cache hit)
1016 http cache effect@https://registry.npmjs.org/effect/-/effect-3.12.10.tgz 0ms (cache hit)
1017 http cache dotenv@https://registry.npmjs.org/dotenv/-/dotenv-16.5.0.tgz 0ms (cache hit)
1018 http cache yoctocolors-cjs@https://registry.npmjs.org/yoctocolors-cjs/-/yoctocolors-cjs-2.1.3.tgz 0ms (cache hit)
1019 http cache checkpoint-client@https://registry.npmjs.org/checkpoint-client/-/checkpoint-client-1.1.33.tgz 0ms (cache hit)
1020 http cache async-listen@https://registry.npmjs.org/async-listen/-/async-listen-3.1.0.tgz 0ms (cache hit)
1021 http cache arg@https://registry.npmjs.org/arg/-/arg-5.0.2.tgz 0ms (cache hit)
1022 http cache @prisma/internals@https://registry.npmjs.org/@prisma/internals/-/internals-6.7.0.tgz 0ms (cache hit)
1023 http cache @prisma/debug@https://registry.npmjs.org/@prisma/debug/-/debug-6.7.0.tgz 0ms (cache hit)
1024 http cache @prisma/generator@https://registry.npmjs.org/@prisma/generator/-/generator-6.7.0.tgz 0ms (cache hit)
1025 http cache @inquirer/prompts@https://registry.npmjs.org/@inquirer/prompts/-/prompts-7.3.3.tgz 0ms (cache hit)
1026 http cache @prisma/config@https://registry.npmjs.org/@prisma/config/-/config-6.7.0.tgz 0ms (cache hit)
1027 http cache @prisma/cli-init@https://registry.npmjs.org/@prisma/cli-init/-/cli-init-0.8.0.tgz 0ms (cache hit)
1028 http cache kleur@https://registry.npmjs.org/kleur/-/kleur-3.0.3.tgz 0ms (cache hit)
1029 http cache is-unicode-supported@https://registry.npmjs.org/is-unicode-supported/-/is-unicode-supported-1.3.0.tgz 0ms (cache hit)
1030 http cache emoji-regex@https://registry.npmjs.org/emoji-regex/-/emoji-regex-8.0.0.tgz 0ms (cache hit)
1031 http cache ansi-regex@https://registry.npmjs.org/ansi-regex/-/ansi-regex-5.0.1.tgz 0ms (cache hit)
1032 silly tarball no local data for webidl-conversions@https://registry.npmjs.org/webidl-conversions/-/webidl-conversions-3.0.1.tgz. Extracting by manifest.
1033 silly tarball no local data for tr46@https://registry.npmjs.org/tr46/-/tr46-0.0.3.tgz. Extracting by manifest.
1034 silly tarball no local data for whatwg-url@https://registry.npmjs.org/whatwg-url/-/whatwg-url-5.0.0.tgz. Extracting by manifest.
1035 silly tarball no local data for os-paths@https://registry.npmjs.org/os-paths/-/os-paths-7.4.0.tgz. Extracting by manifest.
1036 silly tarball no local data for xdg-portable@https://registry.npmjs.org/xdg-portable/-/xdg-portable-10.6.0.tgz. Extracting by manifest.
1037 silly tarball no local data for index-to-position@https://registry.npmjs.org/index-to-position/-/index-to-position-1.2.0.tgz. Extracting by manifest.
1038 silly tarball no local data for type-fest@https://registry.npmjs.org/type-fest/-/type-fest-4.41.0.tgz. Extracting by manifest.
1039 http cache node-fetch@https://registry.npmjs.org/node-fetch/-/node-fetch-2.7.0.tgz 0ms (cache hit)
1040 silly tarball no local data for brace-expansion@https://registry.npmjs.org/brace-expansion/-/brace-expansion-2.1.1.tgz. Extracting by manifest.
1041 silly tarball no local data for uri-js-replace@https://registry.npmjs.org/uri-js-replace/-/uri-js-replace-1.0.1.tgz. Extracting by manifest.
1042 http cache strip-ansi@https://registry.npmjs.org/strip-ansi/-/strip-ansi-6.0.1.tgz 0ms (cache hit)
1043 silly tarball no local data for yaml-ast-parser@https://registry.npmjs.org/yaml-ast-parser/-/yaml-ast-parser-0.0.43.tgz. Extracting by manifest.
1044 silly tarball no local data for pluralize@https://registry.npmjs.org/pluralize/-/pluralize-8.0.0.tgz. Extracting by manifest.
1045 silly tarball no local data for minimatch@https://registry.npmjs.org/minimatch/-/minimatch-5.1.9.tgz. Extracting by manifest.
1046 silly tarball no local data for js-levenshtein@https://registry.npmjs.org/js-levenshtein/-/js-levenshtein-1.1.6.tgz. Extracting by manifest.
1047 silly tarball no local data for colorette@https://registry.npmjs.org/colorette/-/colorette-1.4.0.tgz. Extracting by manifest.
1048 silly tarball no local data for @redocly/config@https://registry.npmjs.org/@redocly/config/-/config-0.22.0.tgz. Extracting by manifest.
1049 silly tarball no local data for @redocly/ajv@https://registry.npmjs.org/@redocly/ajv/-/ajv-8.11.2.tgz. Extracting by manifest.
1050 http cache string-width@https://registry.npmjs.org/string-width/-/string-width-4.2.3.tgz 0ms (cache hit)
1051 silly tarball no local data for supports-color@https://registry.npmjs.org/supports-color/-/supports-color-10.2.2.tgz. Extracting by manifest.
1052 silly tarball no local data for parse-json@https://registry.npmjs.org/parse-json/-/parse-json-8.3.0.tgz. Extracting by manifest.
1053 silly tarball no local data for change-case@https://registry.npmjs.org/change-case/-/change-case-5.4.4.tgz. Extracting by manifest.
1054 silly tarball no local data for openapi-typescript-helpers@https://registry.npmjs.org/openapi-typescript-helpers/-/openapi-typescript-helpers-0.0.15.tgz. Extracting by manifest.
1055 silly tarball no local data for is-wsl@https://registry.npmjs.org/is-wsl/-/is-wsl-2.2.0.tgz. Extracting by manifest.
1056 silly tarball no local data for @redocly/openapi-core@https://registry.npmjs.org/@redocly/openapi-core/-/openapi-core-1.34.15.tgz. Extracting by manifest.
1057 silly tarball no local data for is-docker@https://registry.npmjs.org/is-docker/-/is-docker-2.2.1.tgz. Extracting by manifest.
1058 silly tarball no local data for @esbuild/win32-x64@https://registry.npmjs.org/@esbuild/win32-x64/-/win32-x64-0.28.0.tgz. Extracting by manifest.
1059 silly tarball no local data for uuid@https://registry.npmjs.org/uuid/-/uuid-9.0.1.tgz. Extracting by manifest.
1060 silly tarball no local data for make-dir@https://registry.npmjs.org/make-dir/-/make-dir-4.0.0.tgz. Extracting by manifest.
1061 silly tarball no local data for ci-info@https://registry.npmjs.org/ci-info/-/ci-info-4.0.0.tgz. Extracting by manifest.
1062 silly tarball no local data for @prisma/engines-version@https://registry.npmjs.org/@prisma/engines-version/-/engines-version-6.7.0-36.3cff47a7f5d65c3ea74883f1d736e41d68ce91ed.tgz. Extracting by manifest.
1063 silly tarball no local data for @prisma/schema-files-loader@https://registry.npmjs.org/@prisma/schema-files-loader/-/schema-files-loader-6.7.0.tgz. Extracting by manifest.
1064 silly tarball no local data for @prisma/schema-engine-wasm@https://registry.npmjs.org/@prisma/schema-engine-wasm/-/schema-engine-wasm-6.7.0-36.3cff47a7f5d65c3ea74883f1d736e41d68ce91ed.tgz. Extracting by manifest.
1065 silly tarball no local data for @prisma/get-platform@https://registry.npmjs.org/@prisma/get-platform/-/get-platform-6.7.0.tgz. Extracting by manifest.
1066 silly tarball no local data for @prisma/prisma-schema-wasm@https://registry.npmjs.org/@prisma/prisma-schema-wasm/-/prisma-schema-wasm-6.7.0-36.3cff47a7f5d65c3ea74883f1d736e41d68ce91ed.tgz. Extracting by manifest.
1067 silly tarball no local data for @prisma/generator-helper@https://registry.npmjs.org/@prisma/generator-helper/-/generator-helper-6.7.0.tgz. Extracting by manifest.
1068 silly tarball no local data for @prisma/fetch-engine@https://registry.npmjs.org/@prisma/fetch-engine/-/fetch-engine-6.7.0.tgz. Extracting by manifest.
1069 silly tarball no local data for @prisma/dmmf@https://registry.npmjs.org/@prisma/dmmf/-/dmmf-6.7.0.tgz. Extracting by manifest.
1070 silly tarball no local data for @prisma/driver-adapter-utils@https://registry.npmjs.org/@prisma/driver-adapter-utils/-/driver-adapter-utils-6.7.0.tgz. Extracting by manifest.
1071 silly tarball no local data for @prisma/engines@https://registry.npmjs.org/@prisma/engines/-/engines-6.7.0.tgz. Extracting by manifest.
1072 silly tarball no local data for esbuild-register@https://registry.npmjs.org/esbuild-register/-/esbuild-register-3.6.0.tgz. Extracting by manifest.
1073 silly tarball no local data for esbuild@https://registry.npmjs.org/esbuild/-/esbuild-0.28.0.tgz. Extracting by manifest.
1074 silly tarball no local data for @inquirer/external-editor@https://registry.npmjs.org/@inquirer/external-editor/-/external-editor-1.0.3.tgz. Extracting by manifest.
1075 silly tarball no local data for wrap-ansi@https://registry.npmjs.org/wrap-ansi/-/wrap-ansi-6.2.0.tgz. Extracting by manifest.
1076 silly tarball no local data for mute-stream@https://registry.npmjs.org/mute-stream/-/mute-stream-2.0.0.tgz. Extracting by manifest.
1077 silly tarball no local data for chardet@https://registry.npmjs.org/chardet/-/chardet-2.1.1.tgz. Extracting by manifest.
1078 silly tarball no local data for @inquirer/figures@https://registry.npmjs.org/@inquirer/figures/-/figures-1.0.15.tgz. Extracting by manifest.
1079 silly tarball no local data for @inquirer/type@https://registry.npmjs.org/@inquirer/type/-/type-3.0.10.tgz. Extracting by manifest.
1080 silly tarball no local data for @inquirer/core@https://registry.npmjs.org/@inquirer/core/-/core-10.3.2.tgz. Extracting by manifest.
1081 silly tarball no local data for @inquirer/select@https://registry.npmjs.org/@inquirer/select/-/select-4.4.2.tgz. Extracting by manifest.
1082 silly tarball no local data for @inquirer/ansi@https://registry.npmjs.org/@inquirer/ansi/-/ansi-1.0.2.tgz. Extracting by manifest.
1083 silly tarball no local data for @inquirer/search@https://registry.npmjs.org/@inquirer/search/-/search-3.2.2.tgz. Extracting by manifest.
1084 silly tarball no local data for @inquirer/rawlist@https://registry.npmjs.org/@inquirer/rawlist/-/rawlist-4.1.11.tgz. Extracting by manifest.
1085 silly tarball no local data for @inquirer/password@https://registry.npmjs.org/@inquirer/password/-/password-4.0.23.tgz. Extracting by manifest.
1086 silly tarball no local data for @inquirer/number@https://registry.npmjs.org/@inquirer/number/-/number-3.0.23.tgz. Extracting by manifest.
1087 silly tarball no local data for @inquirer/input@https://registry.npmjs.org/@inquirer/input/-/input-4.3.1.tgz. Extracting by manifest.
1088 silly tarball no local data for @inquirer/expand@https://registry.npmjs.org/@inquirer/expand/-/expand-4.0.23.tgz. Extracting by manifest.
1089 silly tarball no local data for @inquirer/editor@https://registry.npmjs.org/@inquirer/editor/-/editor-4.2.23.tgz. Extracting by manifest.
1090 silly tarball no local data for @inquirer/confirm@https://registry.npmjs.org/@inquirer/confirm/-/confirm-5.1.21.tgz. Extracting by manifest.
1091 silly tarball no local data for @inquirer/checkbox@https://registry.npmjs.org/@inquirer/checkbox/-/checkbox-4.3.2.tgz. Extracting by manifest.
1092 silly tarball no local data for zod@https://registry.npmjs.org/zod/-/zod-4.1.12.tgz. Extracting by manifest.
1093 silly tarball no local data for xdg-app-paths@https://registry.npmjs.org/xdg-app-paths/-/xdg-app-paths-8.3.0.tgz. Extracting by manifest.
1094 silly tarball no local data for ts-pattern@https://registry.npmjs.org/ts-pattern/-/ts-pattern-5.6.2.tgz. Extracting by manifest.
1095 silly tarball no local data for openapi-typescript@https://registry.npmjs.org/openapi-typescript/-/openapi-typescript-7.10.1.tgz. Extracting by manifest.
1096 silly tarball no local data for open@https://registry.npmjs.org/open/-/open-7.4.2.tgz. Extracting by manifest.
1097 silly tarball no local data for openapi-fetch@https://registry.npmjs.org/openapi-fetch/-/openapi-fetch-0.15.0.tgz. Extracting by manifest.
1098 silly tarball no local data for get-tsconfig@https://registry.npmjs.org/get-tsconfig/-/get-tsconfig-4.10.0.tgz. Extracting by manifest.
1099 silly tarball no local data for fs-extra@https://registry.npmjs.org/fs-extra/-/fs-extra-11.3.0.tgz. Extracting by manifest.
1100 silly tarball no local data for effect@https://registry.npmjs.org/effect/-/effect-3.12.10.tgz. Extracting by manifest.
1101 silly tarball no local data for dotenv@https://registry.npmjs.org/dotenv/-/dotenv-16.5.0.tgz. Extracting by manifest.
1102 silly tarball no local data for yoctocolors-cjs@https://registry.npmjs.org/yoctocolors-cjs/-/yoctocolors-cjs-2.1.3.tgz. Extracting by manifest.
1103 silly tarball no local data for checkpoint-client@https://registry.npmjs.org/checkpoint-client/-/checkpoint-client-1.1.33.tgz. Extracting by manifest.
1104 silly tarball no local data for async-listen@https://registry.npmjs.org/async-listen/-/async-listen-3.1.0.tgz. Extracting by manifest.
1105 silly tarball no local data for arg@https://registry.npmjs.org/arg/-/arg-5.0.2.tgz. Extracting by manifest.
1106 silly tarball no local data for @prisma/internals@https://registry.npmjs.org/@prisma/internals/-/internals-6.7.0.tgz. Extracting by manifest.
1107 silly tarball no local data for @prisma/debug@https://registry.npmjs.org/@prisma/debug/-/debug-6.7.0.tgz. Extracting by manifest.
1108 silly tarball no local data for @prisma/generator@https://registry.npmjs.org/@prisma/generator/-/generator-6.7.0.tgz. Extracting by manifest.
1109 silly tarball no local data for @inquirer/prompts@https://registry.npmjs.org/@inquirer/prompts/-/prompts-7.3.3.tgz. Extracting by manifest.
1110 silly tarball no local data for @prisma/config@https://registry.npmjs.org/@prisma/config/-/config-6.7.0.tgz. Extracting by manifest.
1111 silly tarball no local data for @prisma/cli-init@https://registry.npmjs.org/@prisma/cli-init/-/cli-init-0.8.0.tgz. Extracting by manifest.
1112 silly tarball no local data for node-fetch@https://registry.npmjs.org/node-fetch/-/node-fetch-2.7.0.tgz. Extracting by manifest.
1113 http fetch GET 200 https://registry.npmjs.org/index-to-position/-/index-to-position-1.2.0.tgz 1658ms (cache miss)
1114 http fetch GET 200 https://registry.npmjs.org/whatwg-url/-/whatwg-url-5.0.0.tgz 1733ms (cache miss)
1115 http fetch GET 200 https://registry.npmjs.org/webidl-conversions/-/webidl-conversions-3.0.1.tgz 1740ms (cache miss)
1116 http fetch GET 200 https://registry.npmjs.org/supports-color/-/supports-color-10.2.2.tgz 1723ms (cache miss)
1117 http fetch GET 200 https://registry.npmjs.org/parse-json/-/parse-json-8.3.0.tgz 1725ms (cache miss)
1118 http fetch GET 200 https://registry.npmjs.org/openapi-typescript-helpers/-/openapi-typescript-helpers-0.0.15.tgz 1764ms (cache miss)
1119 http fetch GET 200 https://registry.npmjs.org/change-case/-/change-case-5.4.4.tgz 1769ms (cache miss)
1120 http fetch GET 200 https://registry.npmjs.org/is-docker/-/is-docker-2.2.1.tgz 1857ms (cache miss)
1121 http fetch GET 200 https://registry.npmjs.org/is-wsl/-/is-wsl-2.2.0.tgz 1986ms (cache miss)
1122 http fetch GET 200 https://registry.npmjs.org/make-dir/-/make-dir-4.0.0.tgz 2041ms (cache miss)
1123 http fetch GET 200 https://registry.npmjs.org/ci-info/-/ci-info-4.0.0.tgz 2065ms (cache miss)
1124 http fetch GET 200 https://registry.npmjs.org/@prisma/engines-version/-/engines-version-6.7.0-36.3cff47a7f5d65c3ea74883f1d736e41d68ce91ed.tgz 2316ms (cache miss)
1125 http fetch GET 200 https://registry.npmjs.org/@prisma/schema-files-loader/-/schema-files-loader-6.7.0.tgz 2344ms (cache miss)
1126 http fetch GET 200 https://registry.npmjs.org/brace-expansion/-/brace-expansion-2.1.1.tgz 2417ms (cache miss)
1127 http fetch GET 200 https://registry.npmjs.org/js-levenshtein/-/js-levenshtein-1.1.6.tgz 2418ms (cache miss)
1128 http fetch GET 200 https://registry.npmjs.org/wrap-ansi/-/wrap-ansi-6.2.0.tgz 2439ms (cache miss)
1129 http fetch GET 200 https://registry.npmjs.org/pluralize/-/pluralize-8.0.0.tgz 2529ms (cache miss)
1130 http fetch GET 200 https://registry.npmjs.org/@inquirer/figures/-/figures-1.0.15.tgz 2679ms (cache miss)
1131 http fetch GET 200 https://registry.npmjs.org/mute-stream/-/mute-stream-2.0.0.tgz 2687ms (cache miss)
1132 http fetch GET 200 https://registry.npmjs.org/@inquirer/type/-/type-3.0.10.tgz 2763ms (cache miss)
1133 http fetch GET 200 https://registry.npmjs.org/@inquirer/ansi/-/ansi-1.0.2.tgz 2900ms (cache miss)
1134 http fetch GET 200 https://registry.npmjs.org/@inquirer/select/-/select-4.4.2.tgz 2906ms (cache miss)
1135 http fetch GET 200 https://registry.npmjs.org/@inquirer/rawlist/-/rawlist-4.1.11.tgz 2916ms (cache miss)
1136 http fetch GET 200 https://registry.npmjs.org/@inquirer/number/-/number-3.0.23.tgz 3018ms (cache miss)
1137 http fetch GET 200 https://registry.npmjs.org/tr46/-/tr46-0.0.3.tgz 3162ms (cache miss)
1138 http fetch GET 200 https://registry.npmjs.org/@inquirer/password/-/password-4.0.23.tgz 3128ms (cache miss)
1139 http fetch GET 200 https://registry.npmjs.org/@inquirer/checkbox/-/checkbox-4.3.2.tgz 3122ms (cache miss)
1140 http fetch GET 200 https://registry.npmjs.org/colorette/-/colorette-1.4.0.tgz 3293ms (cache miss)
1141 http fetch GET 200 https://registry.npmjs.org/esbuild/-/esbuild-0.28.0.tgz 3289ms (cache miss)
1142 http fetch GET 200 https://registry.npmjs.org/@prisma/driver-adapter-utils/-/driver-adapter-utils-6.7.0.tgz 3307ms (cache miss)
1143 http fetch GET 200 https://registry.npmjs.org/open/-/open-7.4.2.tgz 3332ms (cache miss)
1144 http fetch GET 200 https://registry.npmjs.org/minimatch/-/minimatch-5.1.9.tgz 3398ms (cache miss)
1145 http fetch GET 200 https://registry.npmjs.org/yoctocolors-cjs/-/yoctocolors-cjs-2.1.3.tgz 3346ms (cache miss)
1146 http fetch GET 200 https://registry.npmjs.org/async-listen/-/async-listen-3.1.0.tgz 3353ms (cache miss)
1147 http fetch GET 200 https://registry.npmjs.org/uri-js-replace/-/uri-js-replace-1.0.1.tgz 3433ms (cache miss)
1148 http fetch GET 200 https://registry.npmjs.org/arg/-/arg-5.0.2.tgz 3367ms (cache miss)
1149 http fetch GET 200 https://registry.npmjs.org/esbuild-register/-/esbuild-register-3.6.0.tgz 3442ms (cache miss)
1150 http fetch GET 200 https://registry.npmjs.org/@prisma/engines/-/engines-6.7.0.tgz 3582ms (cache miss)
1151 http fetch GET 200 https://registry.npmjs.org/get-tsconfig/-/get-tsconfig-4.10.0.tgz 3555ms (cache miss)
1152 http fetch GET 200 https://registry.npmjs.org/@inquirer/input/-/input-4.3.1.tgz 3634ms (cache miss)
1153 http fetch GET 200 https://registry.npmjs.org/@inquirer/search/-/search-3.2.2.tgz 3642ms (cache miss)
1154 http fetch GET 200 https://registry.npmjs.org/@inquirer/editor/-/editor-4.2.23.tgz 3671ms (cache miss)
1155 http fetch GET 200 https://registry.npmjs.org/dotenv/-/dotenv-16.5.0.tgz 3718ms (cache miss)
1156 http fetch GET 200 https://registry.npmjs.org/@prisma/generator/-/generator-6.7.0.tgz 3730ms (cache miss)
1157 http fetch GET 200 https://registry.npmjs.org/@prisma/debug/-/debug-6.7.0.tgz 3734ms (cache miss)
1158 http fetch GET 200 https://registry.npmjs.org/os-paths/-/os-paths-7.4.0.tgz 3992ms (cache miss)
1159 http fetch GET 200 https://registry.npmjs.org/xdg-portable/-/xdg-portable-10.6.0.tgz 4039ms (cache miss)
1160 http fetch GET 200 https://registry.npmjs.org/@prisma/dmmf/-/dmmf-6.7.0.tgz 4114ms (cache miss)
1161 http fetch GET 200 https://registry.npmjs.org/@inquirer/confirm/-/confirm-5.1.21.tgz 4103ms (cache miss)
1162 http fetch GET 200 https://registry.npmjs.org/openapi-fetch/-/openapi-fetch-0.15.0.tgz 4120ms (cache miss)
1163 http fetch GET 200 https://registry.npmjs.org/@inquirer/prompts/-/prompts-7.3.3.tgz 4160ms (cache miss)
1164 http fetch GET 200 https://registry.npmjs.org/xdg-app-paths/-/xdg-app-paths-8.3.0.tgz 4267ms (cache miss)
1165 http fetch GET 200 https://registry.npmjs.org/@prisma/generator-helper/-/generator-helper-6.7.0.tgz 4322ms (cache miss)
1166 http fetch GET 200 https://registry.npmjs.org/node-fetch/-/node-fetch-2.7.0.tgz 4302ms (cache miss)
1167 http fetch GET 200 https://registry.npmjs.org/@prisma/config/-/config-6.7.0.tgz 4513ms (cache miss)
1168 http fetch GET 200 https://registry.npmjs.org/@inquirer/expand/-/expand-4.0.23.tgz 5140ms (cache miss)
1169 http fetch GET 200 https://registry.npmjs.org/@inquirer/external-editor/-/external-editor-1.0.3.tgz 5650ms (cache miss)
1170 warn deprecated node-domexception@1.0.0: Use your platform's native DOMException instead
1171 http fetch GET 200 https://registry.npmjs.org/@prisma/get-platform/-/get-platform-6.7.0.tgz 6084ms (cache miss)
1172 http fetch GET 200 https://registry.npmjs.org/@prisma/prisma-schema-wasm/-/prisma-schema-wasm-6.7.0-36.3cff47a7f5d65c3ea74883f1d736e41d68ce91ed.tgz 6092ms (cache miss)
1173 http fetch GET 200 https://registry.npmjs.org/@prisma/schema-engine-wasm/-/schema-engine-wasm-6.7.0-36.3cff47a7f5d65c3ea74883f1d736e41d68ce91ed.tgz 6280ms (cache miss)
1174 http fetch GET 200 https://registry.npmjs.org/chardet/-/chardet-2.1.1.tgz 6272ms (cache miss)
1175 http fetch GET 200 https://registry.npmjs.org/checkpoint-client/-/checkpoint-client-1.1.33.tgz 6253ms (cache miss)
1176 http fetch GET 200 https://registry.npmjs.org/fs-extra/-/fs-extra-11.3.0.tgz 6543ms (cache miss)
1177 http fetch GET 200 https://registry.npmjs.org/@prisma/fetch-engine/-/fetch-engine-6.7.0.tgz 6617ms (cache miss)
1178 http fetch GET 200 https://registry.npmjs.org/ts-pattern/-/ts-pattern-5.6.2.tgz 6603ms (cache miss)
1179 http fetch GET 200 https://registry.npmjs.org/uuid/-/uuid-9.0.1.tgz 8075ms (cache miss)
1180 warn deprecated uuid@9.0.1: uuid@10 and below is no longer supported.  For ESM codebases, update to uuid@latest.  For CommonJS codebases, use uuid@11 (but be aware this version will likely be deprecated in 2028).
1181 http fetch GET 200 https://registry.npmjs.org/@inquirer/core/-/core-10.3.2.tgz 8726ms (cache miss)
1182 http fetch GET 200 https://registry.npmjs.org/openapi-typescript/-/openapi-typescript-7.10.1.tgz 9052ms (cache miss)
1183 http fetch GET 200 https://registry.npmjs.org/@redocly/config/-/config-0.22.0.tgz 9206ms (cache miss)
1184 http fetch GET 200 https://registry.npmjs.org/@esbuild/win32-x64/-/win32-x64-0.28.0.tgz 9266ms (cache miss)
1185 http fetch GET 200 https://registry.npmjs.org/@prisma/cli-init/-/cli-init-0.8.0.tgz 9342ms (cache miss)
1186 http fetch GET 200 https://registry.npmjs.org/type-fest/-/type-fest-4.41.0.tgz 9556ms (cache miss)
1187 http fetch GET 200 https://registry.npmjs.org/yaml-ast-parser/-/yaml-ast-parser-0.0.43.tgz 9769ms (cache miss)
1188 http fetch GET 200 https://registry.npmjs.org/@prisma/internals/-/internals-6.7.0.tgz 11011ms (cache miss)
1189 http fetch GET 200 https://registry.npmjs.org/@redocly/ajv/-/ajv-8.11.2.tgz 12813ms (cache miss)
1190 http fetch GET 200 https://registry.npmjs.org/zod/-/zod-4.1.12.tgz 14451ms (cache miss)
1191 http fetch GET 200 https://registry.npmjs.org/@redocly/openapi-core/-/openapi-core-1.34.15.tgz 14983ms (cache miss)
1192 http fetch GET 200 https://registry.npmjs.org/effect/-/effect-3.12.10.tgz 26219ms (cache miss)
1193 info run @prisma/engines@6.7.0 postinstall node_modules/@prisma/engines node scripts/postinstall.js
1194 info run esbuild@0.28.0 postinstall node_modules/esbuild node install.js
1195 info run esbuild@0.28.0 postinstall { code: 0, signal: null }
1196 info run @prisma/engines@6.7.0 postinstall { code: 0, signal: null }
1197 silly ADD node_modules/is-fullwidth-code-point
1198 silly ADD node_modules/webidl-conversions
1199 silly ADD node_modules/tr46
1200 silly ADD node_modules/whatwg-url
1201 silly ADD node_modules/os-paths
1202 silly ADD node_modules/xdg-portable
1203 silly ADD node_modules/color-name
1204 silly ADD node_modules/color-convert
1205 silly ADD node_modules/ansi-styles
1206 silly ADD node_modules/ansi-regex
1207 silly ADD node_modules/get-east-asian-width
1208 silly ADD node_modules/emoji-regex
1209 silly ADD node_modules/mimic-function
1210 silly ADD node_modules/onetime
1211 silly ADD node_modules/sisteransi
1212 silly ADD node_modules/picocolors
1213 silly ADD node_modules/js-tokens
1214 silly ADD node_modules/@babel/helper-validator-identifier
1215 silly ADD node_modules/type-fest
1216 silly ADD node_modules/index-to-position
1217 silly ADD node_modules/@babel/code-frame
1218 silly ADD node_modules/restore-cursor
1219 silly ADD node_modules/strip-ansi
1220 silly ADD node_modules/string-width
1221 silly ADD node_modules/stdin-discarder
1222 silly ADD node_modules/log-symbols
1223 silly ADD node_modules/log-symbols/node_modules/is-unicode-supported
1224 silly ADD node_modules/is-unicode-supported
1225 silly ADD node_modules/is-interactive
1226 silly ADD node_modules/cli-spinners
1227 silly ADD node_modules/cli-cursor
1228 silly ADD node_modules/chalk
1229 silly ADD node_modules/balanced-match
1230 silly ADD node_modules/brace-expansion
1231 silly ADD node_modules/argparse
1232 silly ADD node_modules/agent-base
1233 silly ADD node_modules/uri-js-replace
1234 silly ADD node_modules/require-from-string
1235 silly ADD node_modules/json-schema-traverse
1236 silly ADD node_modules/fast-deep-equal
1237 silly ADD node_modules/yaml-ast-parser
1238 silly ADD node_modules/pluralize
1239 silly ADD node_modules/minimatch
1240 silly ADD node_modules/js-yaml
1241 silly ADD node_modules/js-levenshtein
1242 silly ADD node_modules/https-proxy-agent
1243 silly ADD node_modules/colorette
1244 silly ADD node_modules/@redocly/config
1245 silly ADD node_modules/@redocly/ajv
1246 silly ADD node_modules/yargs-parser
1247 silly ADD node_modules/supports-color
1248 silly ADD node_modules/parse-json
1249 silly ADD node_modules/change-case
1250 silly ADD node_modules/ansi-colors
1251 silly ADD node_modules/@redocly/openapi-core
1252 silly ADD node_modules/openapi-typescript-helpers
1253 silly ADD node_modules/is-wsl
1254 silly ADD node_modules/is-docker
1255 silly ADD node_modules/web-streams-polyfill
1256 silly ADD node_modules/node-domexception
1257 silly ADD node_modules/formdata-polyfill
1258 silly ADD node_modules/fetch-blob
1259 silly ADD node_modules/data-uri-to-buffer
1260 silly ADD node_modules/semver
1261 silly ADD node_modules/safer-buffer
1262 silly ADD node_modules/resolve-pkg-maps
1263 silly ADD node_modules/universalify
1264 silly ADD node_modules/jsonfile
1265 silly ADD node_modules/graceful-fs
1266 silly ADD node_modules/pure-rand
1267 silly ADD node_modules/debug
1268 silly ADD node_modules/@esbuild/win32-x64
1269 silly ADD node_modules/fast-check
1270 silly ADD node_modules/uuid
1271 silly ADD node_modules/ms
1272 silly ADD node_modules/make-dir
1273 silly ADD node_modules/env-paths
1274 silly ADD node_modules/ci-info
1275 silly ADD node_modules/@prisma/engines-version
1276 silly ADD node_modules/prompts
1277 silly ADD node_modules/prompts/node_modules/kleur
1278 silly ADD node_modules/@prisma/schema-files-loader
1279 silly ADD node_modules/@prisma/schema-engine-wasm
1280 silly ADD node_modules/@prisma/prisma-schema-wasm
1281 silly ADD node_modules/@prisma/get-platform
1282 silly ADD node_modules/@prisma/generator-helper
1283 silly ADD node_modules/@prisma/fetch-engine
1284 silly ADD node_modules/@prisma/engines
1285 silly ADD node_modules/@prisma/driver-adapter-utils
1286 silly ADD node_modules/@prisma/dmmf
1287 silly ADD node_modules/esbuild-register
1288 silly ADD node_modules/esbuild
1289 silly ADD node_modules/iconv-lite
1290 silly ADD node_modules/chardet
1291 silly ADD node_modules/@inquirer/external-editor
1292 silly ADD node_modules/wrap-ansi
1293 silly ADD node_modules/wrap-ansi/node_modules/ansi-regex
1294 silly ADD node_modules/wrap-ansi/node_modules/emoji-regex
1295 silly ADD node_modules/wrap-ansi/node_modules/strip-ansi
1296 silly ADD node_modules/wrap-ansi/node_modules/string-width
1297 silly ADD node_modules/signal-exit
1298 silly ADD node_modules/mute-stream
1299 silly ADD node_modules/cli-width
1300 silly ADD node_modules/yoctocolors-cjs
1301 silly ADD node_modules/@inquirer/type
1302 silly ADD node_modules/@inquirer/figures
1303 silly ADD node_modules/@inquirer/core
1304 silly ADD node_modules/@inquirer/ansi
1305 silly ADD node_modules/@inquirer/select
1306 silly ADD node_modules/@inquirer/search
1307 silly ADD node_modules/@inquirer/rawlist
1308 silly ADD node_modules/@inquirer/password
1309 silly ADD node_modules/@inquirer/number
1310 silly ADD node_modules/@inquirer/input
1311 silly ADD node_modules/@inquirer/expand
1312 silly ADD node_modules/@inquirer/editor
1313 silly ADD node_modules/@inquirer/confirm
1314 silly ADD node_modules/@inquirer/checkbox
1315 silly ADD node_modules/zod
1316 silly ADD node_modules/xdg-app-paths
1317 silly ADD node_modules/ts-pattern
1318 silly ADD node_modules/ora
1319 silly ADD node_modules/typescript
1320 silly ADD node_modules/openapi-typescript
1321 silly ADD node_modules/openapi-fetch
1322 silly ADD node_modules/open
1323 silly ADD node_modules/node-fetch
1324 silly ADD node_modules/kleur
1325 silly ADD node_modules/get-tsconfig
1326 silly ADD node_modules/fs-extra
1327 silly ADD node_modules/effect
1328 silly ADD node_modules/dotenv
1329 silly ADD node_modules/checkpoint-client
1330 silly ADD node_modules/checkpoint-client/node_modules/node-fetch
1331 silly ADD node_modules/async-listen
1332 silly ADD node_modules/arg
1333 silly ADD node_modules/@prisma/internals
1334 silly ADD node_modules/@prisma/generator
1335 silly ADD node_modules/@prisma/debug
1336 silly ADD node_modules/@prisma/config
1337 silly ADD node_modules/@inquirer/prompts
1338 silly ADD node_modules/@prisma/cli-init
1339 verbose cwd E:\eduvault
1340 verbose os Windows_NT 10.0.26200
1341 verbose node v24.15.0
1342 verbose npm  v11.12.1
1343 verbose exit 0
1344 info ok
